recipient_id,seminar_id,condition
HT-3176bdcd-20ba-456f-b646-3b12557fe53a,b02679-21eb6a-dc,treatment
HT-3176bdcd-20ba-456f-b646-3b12557fe53a,48de1f-38d33a-5f,treatment
HT-3176bdcd-20ba-456f-b646-3b12557fe53a,e598e0-8c3363-03,treatment
HT-3176bdcd-20ba-456f-b646-3b12557fe53a,35dd3e-ffece6-a3,treatment
HT-f2cd31ae-520d-4c3b-8f5f-26416c89a566,cb9070-f7eef8-b9,treatment
HT-f2cd31ae-520d-4c3b-8f5f-26416c89a566,7f5a3e-6c8a60-66,treatment
HT-f2cd31ae-520d-4c3b-8f5f-26416c89a566,bda41e-48efda-01,treatment
HT-f2cd31ae-520d-4c3b-8f5f-26416c89a566,8e1801-de6ab3-fd,treatment
HT-f2cd31ae-520d-4c3b-8f5f-26416c89a566,77b599-a812cf-88,treatment
HT-f2cd31ae-520d-4c3b-8f5f-26416c89a566,ca272f-0d6565-fb,treatment
HT-f2cd31ae-520d-4c3b-8f5f-26416c89a566,c1e7be-7dff0d-b8,treatment
HT-f2cd31ae-520d-4c3b-8f5f-26416c89a566,f663e2-cb5cc5-57,treatment
HT-f2cd31ae-520d-4c3b-8f5f-26416c89a566,676015-5ae8ab-a6,treatment
HT-f2cd31ae-520d-4c3b-8f5f-26416c89a566,19711a-a99c34-9a,treatment
HT-f2cd31ae-520d-4c3b-8f5f-26416c89a566,fc2602-4ed799-0d,treatment
HT-f2cd31ae-520d-4c3b-8f5f-26416c89a566,1a7a33-ad8f63-ba,treatment
HT-f2cd31ae-520d-4c3b-8f5f-26416c89a566,dd7334-458c7f-db,treatment
HT-f2cd31ae-520d-4c3b-8f5f-26416c89a566,e0d5ca-21e936-43,treatment
HT-20f38fc8-138b-4034-a7cd-c51e4809205f,33fc23-5ce873-c6,treatment
HT-d88913c8-32e4-40de-abb6-525fc39cc94c,0b98ab-7656c6-1d,treatment
HT-d88913c8-32e4-40de-abb6-525fc39cc94c,5cc631-34546c-44,treatment
HT-e6e00018-4392-43ff-88ea-2d58337218db,d94c99-68ccbb-9b,treatment
HT-b96a40d6-1d5f-476c-9591-906600cfbc4b,11de47-300d27-53,treatment
HT-8247f2b1-2338-4fec-afbe-630443d094bc,52cf29-787554-8e,treatment
HT-c73ec7d7-ed70-4958-b1d8-a59792af5012,e07029-756bcc-d6,treatment
HT-c73ec7d7-ed70-4958-b1d8-a59792af5012,076f84-2e12fe-78,treatment
HT-c73ec7d7-ed70-4958-b1d8-a59792af5012,90731d-d7251d-93,treatment
HT-c73ec7d7-ed70-4958-b1d8-a59792af5012,09b181-e94a8e-ed,treatment
HT-c73ec7d7-ed70-4958-b1d8-a59792af5012,f29f15-bc17c7-05,treatment
HT-c73ec7d7-ed70-4958-b1d8-a59792af5012,146216-51dccc-9e,treatment
HT-c73ec7d7-ed70-4958-b1d8-a59792af5012,595aec-31aac3-db,treatment
HT-c73ec7d7-ed70-4958-b1d8-a59792af5012,553a90-4681b5-ef,treatment
HT-c73ec7d7-ed70-4958-b1d8-a59792af5012,e07029-756bcc-d6,treatment
HT-c73ec7d7-ed70-4958-b1d8-a59792af5012,076f84-2e12fe-78,treatment
HT-c73ec7d7-ed70-4958-b1d8-a59792af5012,90731d-d7251d-93,treatment
HT-c73ec7d7-ed70-4958-b1d8-a59792af5012,09b181-e94a8e-ed,treatment
HT-c73ec7d7-ed70-4958-b1d8-a59792af5012,f29f15-bc17c7-05,treatment
HT-c73ec7d7-ed70-4958-b1d8-a59792af5012,146216-51dccc-9e,treatment
HT-c73ec7d7-ed70-4958-b1d8-a59792af5012,595aec-31aac3-db,treatment
HT-c73ec7d7-ed70-4958-b1d8-a59792af5012,553a90-4681b5-ef,treatment
HT-c73ec7d7-ed70-4958-b1d8-a59792af5012,e07029-756bcc-d6,treatment
HT-c73ec7d7-ed70-4958-b1d8-a59792af5012,076f84-2e12fe-78,treatment
HT-c73ec7d7-ed70-4958-b1d8-a59792af5012,90731d-d7251d-93,treatment
HT-c73ec7d7-ed70-4958-b1d8-a59792af5012,09b181-e94a8e-ed,treatment
HT-c73ec7d7-ed70-4958-b1d8-a59792af5012,f29f15-bc17c7-05,treatment
HT-c73ec7d7-ed70-4958-b1d8-a59792af5012,146216-51dccc-9e,treatment
HT-c73ec7d7-ed70-4958-b1d8-a59792af5012,595aec-31aac3-db,treatment
HT-c73ec7d7-ed70-4958-b1d8-a59792af5012,553a90-4681b5-ef,treatment
HT-19ad273a-14f1-4bbe-84f7-b4fc499262aa,2ff8fc-f22539-04,treatment
HT-fb6c2746-dd29-456e-b29e-7d4e33f5daea,1fa975-3356fd-4d,treatment
HT-c777b57a-fad0-4dc0-89a0-affa3b754c44,e00233-07d0ce-1c,treatment
HT-c777b57a-fad0-4dc0-89a0-affa3b754c44,7f6800-e75ee8-e0,treatment
HT-c777b57a-fad0-4dc0-89a0-affa3b754c44,96a32d-1bc325-b2,treatment
HT-5b6506fc-c511-487c-8286-136054e92b11,b7bafc-074bbd-f3,treatment
HT-5b6506fc-c511-487c-8286-136054e92b11,b2406c-f92ce3-46,treatment
HT-0e211978-46c9-441b-b6cd-6e41ae2c9b35,def1f6-769030-df,treatment
HT-196caa19-c9cb-4e8d-9376-c0cbfcb7aac0,b75943-28abc3-cf,treatment
HT-196caa19-c9cb-4e8d-9376-c0cbfcb7aac0,e7c653-15527b-3a,treatment
HT-196caa19-c9cb-4e8d-9376-c0cbfcb7aac0,a9c94f-989de5-4e,treatment
HT-196caa19-c9cb-4e8d-9376-c0cbfcb7aac0,6c5d31-7dac92-04,treatment
HT-196caa19-c9cb-4e8d-9376-c0cbfcb7aac0,b75943-28abc3-cf,treatment
HT-196caa19-c9cb-4e8d-9376-c0cbfcb7aac0,e7c653-15527b-3a,treatment
HT-196caa19-c9cb-4e8d-9376-c0cbfcb7aac0,a9c94f-989de5-4e,treatment
HT-196caa19-c9cb-4e8d-9376-c0cbfcb7aac0,6c5d31-7dac92-04,treatment
HT-196caa19-c9cb-4e8d-9376-c0cbfcb7aac0,b75943-28abc3-cf,treatment
HT-196caa19-c9cb-4e8d-9376-c0cbfcb7aac0,e7c653-15527b-3a,treatment
HT-196caa19-c9cb-4e8d-9376-c0cbfcb7aac0,a9c94f-989de5-4e,treatment
HT-196caa19-c9cb-4e8d-9376-c0cbfcb7aac0,6c5d31-7dac92-04,treatment
HT-196caa19-c9cb-4e8d-9376-c0cbfcb7aac0,b75943-28abc3-cf,treatment
HT-196caa19-c9cb-4e8d-9376-c0cbfcb7aac0,e7c653-15527b-3a,treatment
HT-196caa19-c9cb-4e8d-9376-c0cbfcb7aac0,a9c94f-989de5-4e,treatment
HT-196caa19-c9cb-4e8d-9376-c0cbfcb7aac0,6c5d31-7dac92-04,treatment
HT-1d35487e-f7a4-46ab-a24e-c901f8317750,e2fa90-c6f241-92,treatment
HT-1d35487e-f7a4-46ab-a24e-c901f8317750,6c431e-f4ccca-a5,treatment
HT-1d35487e-f7a4-46ab-a24e-c901f8317750,7c7b8d-c9f1a9-d8,treatment
HT-1d35487e-f7a4-46ab-a24e-c901f8317750,e2fa90-c6f241-92,treatment
HT-1d35487e-f7a4-46ab-a24e-c901f8317750,6c431e-f4ccca-a5,treatment
HT-1d35487e-f7a4-46ab-a24e-c901f8317750,7c7b8d-c9f1a9-d8,treatment
HT-1d35487e-f7a4-46ab-a24e-c901f8317750,e2fa90-c6f241-92,treatment
HT-1d35487e-f7a4-46ab-a24e-c901f8317750,6c431e-f4ccca-a5,treatment
HT-1d35487e-f7a4-46ab-a24e-c901f8317750,7c7b8d-c9f1a9-d8,treatment
HT-1d35487e-f7a4-46ab-a24e-c901f8317750,e2fa90-c6f241-92,treatment
HT-1d35487e-f7a4-46ab-a24e-c901f8317750,6c431e-f4ccca-a5,treatment
HT-1d35487e-f7a4-46ab-a24e-c901f8317750,7c7b8d-c9f1a9-d8,treatment
HT-67c0f912-79a2-48f3-9cdc-1882f1cf4a7e,d4bf73-266067-af,treatment
HT-3ac158b1-3d21-43cc-be1f-07c607ad54f5,9a0854-d090f0-23,treatment
HT-234c60f8-9911-4b59-b33a-ef26a0df24d5,c1a20f-c969f0-35,treatment
HT-234c60f8-9911-4b59-b33a-ef26a0df24d5,621dd3-751cc2-b1,treatment
HT-234c60f8-9911-4b59-b33a-ef26a0df24d5,ef3641-707959-29,treatment
HT-234c60f8-9911-4b59-b33a-ef26a0df24d5,a692bb-accbaf-38,treatment
HT-1d35487e-f7a4-46ab-a24e-c901f8317750,e2fa90-c6f241-92,treatment
HT-1d35487e-f7a4-46ab-a24e-c901f8317750,6c431e-f4ccca-a5,treatment
HT-1d35487e-f7a4-46ab-a24e-c901f8317750,7c7b8d-c9f1a9-d8,treatment
HT-4353c061-6308-42aa-92dc-4c1030a3c3a9,e1b7fc-8956dd-b1,treatment
HT-4353c061-6308-42aa-92dc-4c1030a3c3a9,dbd0f5-f5a008-99,treatment
HT-4353c061-6308-42aa-92dc-4c1030a3c3a9,b75cef-76f2b7-79,treatment
HT-0cfa416d-14f2-4aa8-b702-086adf7893a6,668246-942f12-f1,treatment
HT-9f2e21fc-a87d-41b0-b9f1-2ff2cd736ac4,16094b-ee728c-74,treatment
HT-1e14463e-7396-4097-a334-2f45ea235c71,668246-942f12-f1,treatment
HT-9f2e21fc-a87d-41b0-b9f1-2ff2cd736ac4,16094b-ee728c-74,treatment
HT-60c82a7e-060a-46c1-8530-0697dfcfe8ba,4d3834-ee13f2-6d,treatment
HT-1e14463e-7396-4097-a334-2f45ea235c71,668246-942f12-f1,treatment
HT-60c82a7e-060a-46c1-8530-0697dfcfe8ba,4d3834-ee13f2-6d,treatment
HT-08a6b93a-12eb-43a5-8395-2cd6f69490a9,8a6862-b80f30-39,treatment
HT-08a6b93a-12eb-43a5-8395-2cd6f69490a9,45ee20-ac2778-47,treatment
HT-08a6b93a-12eb-43a5-8395-2cd6f69490a9,afc242-173044-7a,treatment
HT-08a6b93a-12eb-43a5-8395-2cd6f69490a9,cba51e-b171b5-49,treatment
HT-08a6b93a-12eb-43a5-8395-2cd6f69490a9,24efab-827d6c-e1,treatment
HT-08a6b93a-12eb-43a5-8395-2cd6f69490a9,38e02e-14c170-16,treatment
HT-08a6b93a-12eb-43a5-8395-2cd6f69490a9,8a6862-b80f30-39,treatment
HT-08a6b93a-12eb-43a5-8395-2cd6f69490a9,45ee20-ac2778-47,treatment
HT-08a6b93a-12eb-43a5-8395-2cd6f69490a9,afc242-173044-7a,treatment
HT-08a6b93a-12eb-43a5-8395-2cd6f69490a9,cba51e-b171b5-49,treatment
HT-08a6b93a-12eb-43a5-8395-2cd6f69490a9,24efab-827d6c-e1,treatment
HT-08a6b93a-12eb-43a5-8395-2cd6f69490a9,38e02e-14c170-16,treatment
HT-5054f8b3-01c2-41b4-b78f-7f7f53101450,b54b5b-3d7b0e-eb,treatment
HT-6a9dba3d-a038-4fe4-9f0a-f25bf1a62e06,e7c653-15527b-3a,treatment
HT-bbc34d13-9ec5-410c-b79f-019d65848bf8,af6b42-972c4b-19,treatment
HT-3e60488f-9c10-4fab-98dc-a8e2a6f70194,28299d-f555ed-05,treatment
HT-3e60488f-9c10-4fab-98dc-a8e2a6f70194,338bb0-beb76d-55,treatment
HT-3e60488f-9c10-4fab-98dc-a8e2a6f70194,6308aa-655400-ab,treatment
HT-3e60488f-9c10-4fab-98dc-a8e2a6f70194,275a9b-117962-2d,treatment
HT-3e60488f-9c10-4fab-98dc-a8e2a6f70194,214c5f-278771-f5,treatment
HT-3e60488f-9c10-4fab-98dc-a8e2a6f70194,706819-b850c8-41,treatment
HT-211a48f5-45ec-4a55-9971-7e15c7521878,60179d-20e751-ed,treatment
HC-4c0fe5ff-791e-43b2-8a52-c9022dc31f83,a5a6ab-bdb564-e6,control
HC-4c0fe5ff-791e-43b2-8a52-c9022dc31f83,e8d617-b32ba6-b0,control
HC-4c0fe5ff-791e-43b2-8a52-c9022dc31f83,8bd481-23905d-b6,control
HC-4c0fe5ff-791e-43b2-8a52-c9022dc31f83,df9bc4-60a724-a2,control
HC-4c0fe5ff-791e-43b2-8a52-c9022dc31f83,f9f4fd-83e346-b3,control
HC-4c0fe5ff-791e-43b2-8a52-c9022dc31f83,e1abab-0d17ba-7d,control
HC-4c0fe5ff-791e-43b2-8a52-c9022dc31f83,610ed1-afa060-df,control
HC-4c0fe5ff-791e-43b2-8a52-c9022dc31f83,988554-4c0175-a3,control
HC-2d81f4a0-e4c5-4829-8f14-5da5b60c7bcd,8e15ad-7bf5c8-78,control
HC-11d94491-d40f-45c2-9a27-fefa601803f9,44f1a4-78a4fd-ae,control
HC-2020e287-7c34-4e72-9b6c-ae47f8669cdf,b3daee-d4244e-89,control
HC-d153caf3-8bd9-418d-ae00-e4c3790864e6,939f3c-b0f39d-6e,control
HC-d153caf3-8bd9-418d-ae00-e4c3790864e6,d0057b-281563-ce,control
HC-7b7de20c-9e41-498d-bf5a-517152d814e3,8d473b-520b24-3d,control
HC-7b7de20c-9e41-498d-bf5a-517152d814e3,62526a-38e9b6-93,control
HC-7b7de20c-9e41-498d-bf5a-517152d814e3,f3094b-4b72ac-3c,control
HC-7b7de20c-9e41-498d-bf5a-517152d814e3,8d473b-520b24-3d,control
HC-7b7de20c-9e41-498d-bf5a-517152d814e3,62526a-38e9b6-93,control
HC-7b7de20c-9e41-498d-bf5a-517152d814e3,f3094b-4b72ac-3c,control
HC-dba40e0b-4b0d-460d-bf0c-fbac82a0b264,a50758-ea56e4-c7,control
HC-dba40e0b-4b0d-460d-bf0c-fbac82a0b264,a9de72-b06fbc-62,control
HC-56278472-8ea9-438f-bb96-05f7b9247198,8de565-6743ec-e5,control
HC-56278472-8ea9-438f-bb96-05f7b9247198,282006-c4871c-c8,control
HC-56278472-8ea9-438f-bb96-05f7b9247198,94de49-8f870a-93,control
HC-1c1aac14-73da-4d7a-a543-37c26a97eba9,f2b1b5-5cc455-33,control
HC-1c1aac14-73da-4d7a-a543-37c26a97eba9,8f83c8-44b530-a3,control
HC-1c1aac14-73da-4d7a-a543-37c26a97eba9,9cb837-8982bd-b2,control
HC-1c1aac14-73da-4d7a-a543-37c26a97eba9,4b70d8-9e9526-d4,control
HC-1c1aac14-73da-4d7a-a543-37c26a97eba9,55b3f4-2be68e-42,control
HC-1c1aac14-73da-4d7a-a543-37c26a97eba9,5c3d88-a29b75-fd,control
HC-4426ca23-d086-462f-8cf4-318ce28a2fa1,f2b1b5-5cc455-33,control
HC-4426ca23-d086-462f-8cf4-318ce28a2fa1,8f83c8-44b530-a3,control
HC-4426ca23-d086-462f-8cf4-318ce28a2fa1,9cb837-8982bd-b2,control
HC-4426ca23-d086-462f-8cf4-318ce28a2fa1,4b70d8-9e9526-d4,control
HC-4426ca23-d086-462f-8cf4-318ce28a2fa1,55b3f4-2be68e-42,control
HC-4426ca23-d086-462f-8cf4-318ce28a2fa1,5c3d88-a29b75-fd,control
HC-8b73b2b9-2065-49f6-8976-da51b8a38948,3989f4-ab5b0f-1e,control
HC-865932b5-9550-4e34-896a-25d07fb73ede,44c646-03227c-ba,control
HC-865932b5-9550-4e34-896a-25d07fb73ede,32eef3-56f794-51,control
HC-f8bcd26f-3199-4f73-8c7b-18ac87130bda,2d959d-6de411-79,control
HC-f8bcd26f-3199-4f73-8c7b-18ac87130bda,ee8223-5c6f7d-c2,control
HC-5896cbee-fc5c-4aa2-ae24-04e1f8fc00fb,c18f5b-8e156c-cc,control
HC-5896cbee-fc5c-4aa2-ae24-04e1f8fc00fb,7c54d9-8dfa0e-54,control
HC-5896cbee-fc5c-4aa2-ae24-04e1f8fc00fb,63b307-208a52-a6,control
HC-5896cbee-fc5c-4aa2-ae24-04e1f8fc00fb,65625a-9ddacd-7f,control
HC-5896cbee-fc5c-4aa2-ae24-04e1f8fc00fb,ba93a0-0672fb-ba,control
HC-4c0fe5ff-791e-43b2-8a52-c9022dc31f83,a5a6ab-bdb564-e6,control
HC-4c0fe5ff-791e-43b2-8a52-c9022dc31f83,e8d617-b32ba6-b0,control
HC-4c0fe5ff-791e-43b2-8a52-c9022dc31f83,8bd481-23905d-b6,control
HC-4c0fe5ff-791e-43b2-8a52-c9022dc31f83,df9bc4-60a724-a2,control
HC-4c0fe5ff-791e-43b2-8a52-c9022dc31f83,f9f4fd-83e346-b3,control
HC-4c0fe5ff-791e-43b2-8a52-c9022dc31f83,e1abab-0d17ba-7d,control
HC-4c0fe5ff-791e-43b2-8a52-c9022dc31f83,610ed1-afa060-df,control
HC-4c0fe5ff-791e-43b2-8a52-c9022dc31f83,988554-4c0175-a3,control
HC-a3022b4d-19c1-4fca-ad59-3d831ca9eed9,72e350-3a8b30-83,control
HC-44af84d2-c709-4bca-b8d9-3265b306c0e3,a5987b-0dc13f-94,control
HC-835bd494-3351-4b47-994d-01f44be09b5b,c07d4f-a98325-91,control
HC-835bd494-3351-4b47-994d-01f44be09b5b,0d64a1-dedf3f-60,control
HC-835bd494-3351-4b47-994d-01f44be09b5b,124b83-56b845-1b,control
HC-835bd494-3351-4b47-994d-01f44be09b5b,ea5e8e-8ef108-33,control
HC-835bd494-3351-4b47-994d-01f44be09b5b,61f06c-5af08a-f8,control
HC-835bd494-3351-4b47-994d-01f44be09b5b,6489a5-ef8500-35,control
HC-835bd494-3351-4b47-994d-01f44be09b5b,119ae7-646532-6c,control
HC-94e06d62-ca8c-4094-8e99-dd498c1a194a,63b307-208a52-a6,control
HC-96680825-db98-4a92-9e1f-cf9a6d7e9d47,896fd1-6c9ee6-e3,control
HC-96680825-db98-4a92-9e1f-cf9a6d7e9d47,6fbaee-d743b6-a4,control
HC-96680825-db98-4a92-9e1f-cf9a6d7e9d47,0d091a-267479-aa,control
HC-96680825-db98-4a92-9e1f-cf9a6d7e9d47,f211a4-5b5d19-cc,control
HC-96680825-db98-4a92-9e1f-cf9a6d7e9d47,9bd382-d00cff-19,control
HC-96680825-db98-4a92-9e1f-cf9a6d7e9d47,14eb82-27042c-2d,control
HC-1b0a08fc-ab8c-468a-95b2-c67730df82ef,7f950f-ab10df-57,control
HC-1b0a08fc-ab8c-468a-95b2-c67730df82ef,792b57-4e43c0-cd,control
HC-1b0a08fc-ab8c-468a-95b2-c67730df82ef,7595a3-c4503a-47,control
HC-1b0a08fc-ab8c-468a-95b2-c67730df82ef,0f2f5e-c8e178-db,control
HC-1b0a08fc-ab8c-468a-95b2-c67730df82ef,a5987b-0dc13f-94,control
ST-18d6f82a-0617-4248-a9f4-3ea7f0dac993,39c822-9d751a-8a,treatment
ST-18d6f82a-0617-4248-a9f4-3ea7f0dac993,39c822-9d751a-8a,treatment
ST-a9640ac7-63b1-44fe-9282-457cf8133a9c,e50aca-851449-ee,treatment
ST-cc6811b5-efdd-4c9b-a9fc-a3b5e2046016,80d49a-f55b97-a8,treatment
ST-929fe905-4aee-4bea-91d6-932619d94c89,65b373-55daea-a6,treatment
ST-2ad481c6-a858-46cf-9ef8-b8e91f53eb08,45d5f8-56a52b-35,treatment
ST-22cf90e8-2ec0-4c8b-8a55-50215e3c1ae8,7f4fae-787035-8a,treatment
ST-22cf90e8-2ec0-4c8b-8a55-50215e3c1ae8,97048e-ee239f-fb,treatment
ST-22cf90e8-2ec0-4c8b-8a55-50215e3c1ae8,3f68f9-1cf0e6-72,treatment
ST-22cf90e8-2ec0-4c8b-8a55-50215e3c1ae8,65b373-55daea-a6,treatment
ST-22cf90e8-2ec0-4c8b-8a55-50215e3c1ae8,69b989-7f60ca-38,treatment
ST-22cf90e8-2ec0-4c8b-8a55-50215e3c1ae8,d35870-ebf129-76,treatment
ST-22cf90e8-2ec0-4c8b-8a55-50215e3c1ae8,287587-a536b6-92,treatment
ST-152bc554-d17d-4bd3-a6a4-3e93fb75e618,4fc430-c773aa-f1,treatment
ST-d1c19404-61d0-4937-900c-acd46eabe276,b53ea0-de54ad-4f,treatment
ST-d1c19404-61d0-4937-900c-acd46eabe276,1dd1fd-04f157-e4,treatment
ST-d1c19404-61d0-4937-900c-acd46eabe276,9f8c2c-63a362-7c,treatment
ST-d1c19404-61d0-4937-900c-acd46eabe276,14bfbd-7f30c4-e4,treatment
ST-d1c19404-61d0-4937-900c-acd46eabe276,39c822-9d751a-8a,treatment
ST-d1c19404-61d0-4937-900c-acd46eabe276,4af28c-9a7af5-27,treatment
ST-d1c19404-61d0-4937-900c-acd46eabe276,b6361f-a482ec-58,treatment
ST-d1c19404-61d0-4937-900c-acd46eabe276,6fedb4-29d156-a3,treatment
ST-d1c19404-61d0-4937-900c-acd46eabe276,ef2346-b6a782-38,treatment
ST-d1c19404-61d0-4937-900c-acd46eabe276,551ae6-e1a9ed-c0,treatment
ST-c9689fdb-6b6b-422f-b2af-a8551615cdef,1aa489-d713f2-1c,treatment
ST-18d6f82a-0617-4248-a9f4-3ea7f0dac993,39c822-9d751a-8a,treatment
ST-18d6f82a-0617-4248-a9f4-3ea7f0dac993,39c822-9d751a-8a,treatment
ST-929fe905-4aee-4bea-91d6-932619d94c89,65b373-55daea-a6,treatment
ST-c9689fdb-6b6b-422f-b2af-a8551615cdef,1aa489-d713f2-1c,treatment
ST-ef250bbe-1a18-44e7-bc68-3b921c61d94d,11b531-3a984b-04,treatment
SC-cfebf0da-6432-447e-bd8c-d0cbe8929fb9,127ee4-f4f08b-b5,control
SC-cfebf0da-6432-447e-bd8c-d0cbe8929fb9,46b9e2-a21be8-e7,control
SC-cfebf0da-6432-447e-bd8c-d0cbe8929fb9,93c229-58ef11-36,control
SC-cfebf0da-6432-447e-bd8c-d0cbe8929fb9,a3e911-55a010-dd,control
SC-cfebf0da-6432-447e-bd8c-d0cbe8929fb9,ff8852-51bc58-f1,control
SC-cfebf0da-6432-447e-bd8c-d0cbe8929fb9,12586a-a1faa7-b5,control
SC-cfebf0da-6432-447e-bd8c-d0cbe8929fb9,02bc35-6c731d-77,control
SC-c92a070e-6357-466c-90a4-5e97b76de31e,d43aad-441877-87,control
SC-93180e78-ecae-4bab-ab0e-0445776278c3,a41714-3d989b-a0,control
SC-60b386a2-cb0a-45f4-8f7f-b975c651cd71,850d7e-3a0243-48,control
SC-60b386a2-cb0a-45f4-8f7f-b975c651cd71,4c9d90-bc4a87-4b,control
SC-60b386a2-cb0a-45f4-8f7f-b975c651cd71,e0b321-06e3a5-fd,control
SC-60b386a2-cb0a-45f4-8f7f-b975c651cd71,0829eb-fb5608-35,control
SC-60b386a2-cb0a-45f4-8f7f-b975c651cd71,9dfc3d-e02114-c7,control
SC-60b386a2-cb0a-45f4-8f7f-b975c651cd71,f60386-02bb44-e5,control
SC-60b386a2-cb0a-45f4-8f7f-b975c651cd71,ce8285-843f17-6f,control
SC-60b386a2-cb0a-45f4-8f7f-b975c651cd71,f377dd-fe6ad1-21,control
SC-60b386a2-cb0a-45f4-8f7f-b975c651cd71,8c6d07-f3155b-6d,control
SC-aec1148b-7fc7-4ddc-8c29-d8f5cf34b8e6,5b7411-060a44-29,control
SC-df198e5d-86ab-49d6-8589-b57cc8d02239,aff408-0cd9a5-42,control
SC-df198e5d-86ab-49d6-8589-b57cc8d02239,922d4d-915a67-06,control
SC-a223c6e0-b91e-4ed6-95da-215b00312a22,b4d92a-21f5c5-03,control
SC-88893782-7910-4d98-a8ff-23ef5445f2c5,f19c1f-83fad7-4d,control
SC-6d674b05-bdb9-4711-b79e-9f2d07edb3e9,d43aad-441877-87,control
SC-f1c365c5-34ac-4c75-8936-d3f374475e87,7118c8-f02fe5-4c,control
SC-8152f094-e1d5-4639-86a5-da32375a5230,f60386-02bb44-e5,control
SC-a00a7322-f3c1-4def-886c-c86c2b5eff14,8be985-e22b73-3e,control
SC-69d426dd-8f04-4626-b240-26f52f8a17fe,f822f3-edf2b8-71,control
SC-69d426dd-8f04-4626-b240-26f52f8a17fe,d9b79a-6b9f82-65,control
SC-9aa49d3c-44c5-4dec-a8ff-d05f8b7124f0,cf886a-977af3-32,control
SC-9aa49d3c-44c5-4dec-a8ff-d05f8b7124f0,cf886a-977af3-32,control
SC-9f097dee-608d-4434-9793-db4add9b77a8,b79160-f421e2-a3,control
AT-eef831cc-b57e-42c4-be0d-c4da35082588,92acb2-1f25a2-6a,treatment
AT-a07b1caa-7c94-4ed6-82f5-3255e474c538,8d24be-52d495-3b,treatment
AT-adb954d8-5993-4ce0-b23c-57806ec52ecb,791ece-a8271a-2b,treatment
AT-385e7023-978a-4b1e-ad29-683d035008ea,e11e1c-cc16b0-26,treatment
AT-7aedf647-38a0-4c66-bf2b-8602f0534a36,7d8b9b-46431a-ed,treatment
AT-7859ded6-3314-4612-b301-5d8a87bd9a21,6d6b92-12b97a-d2,treatment
AT-7859ded6-3314-4612-b301-5d8a87bd9a21,5fc010-5aaf63-85,treatment
AT-7859ded6-3314-4612-b301-5d8a87bd9a21,fe30b3-5064d0-f8,treatment
AT-7859ded6-3314-4612-b301-5d8a87bd9a21,8bf934-ec7527-99,treatment
AT-7859ded6-3314-4612-b301-5d8a87bd9a21,c76102-f57518-7e,treatment
AT-7859ded6-3314-4612-b301-5d8a87bd9a21,4c8a9e-450686-4c,treatment
AT-7859ded6-3314-4612-b301-5d8a87bd9a21,e9ac3c-1f074a-37,treatment
AT-7859ded6-3314-4612-b301-5d8a87bd9a21,9bc912-aec49e-62,treatment
AT-7859ded6-3314-4612-b301-5d8a87bd9a21,33e8d2-9520a6-58,treatment
AT-e3261785-1f45-4639-9004-76b5803c9747,1451db-5f5159-60,treatment
AT-96908c86-bc94-4b52-9486-02d0546b3ca2,62e359-67cb5a-c1,treatment
AT-96908c86-bc94-4b52-9486-02d0546b3ca2,708d44-8bb211-7c,treatment
AT-96908c86-bc94-4b52-9486-02d0546b3ca2,90ec43-9f1fb5-27,treatment
AT-96908c86-bc94-4b52-9486-02d0546b3ca2,6a05db-66ab02-d8,treatment
AT-96908c86-bc94-4b52-9486-02d0546b3ca2,d00db5-80cdbb-85,treatment
AT-96908c86-bc94-4b52-9486-02d0546b3ca2,08b2ad-871b53-22,treatment
AT-10aac90c-6e21-4858-b6dc-a68c37cde1fc,16c3a3-87dca3-e5,treatment
AT-7d4192c7-1319-4739-9730-20f2f378b137,9842ab-884d58-36,treatment
AT-78019d1c-5929-4c91-ad41-1839def5b0fb,af89ff-7ede2e-96,treatment
AT-78019d1c-5929-4c91-ad41-1839def5b0fb,ea864f-6a7c49-d2,treatment
AT-78019d1c-5929-4c91-ad41-1839def5b0fb,72bce7-ad9145-61,treatment
AT-78019d1c-5929-4c91-ad41-1839def5b0fb,80fa43-f9e56a-ff,treatment
AT-78019d1c-5929-4c91-ad41-1839def5b0fb,477b42-deebe4-f3,treatment
AT-78019d1c-5929-4c91-ad41-1839def5b0fb,1edc86-46ceaf-44,treatment
AT-78019d1c-5929-4c91-ad41-1839def5b0fb,5044c8-6b4bdd-47,treatment
AT-78019d1c-5929-4c91-ad41-1839def5b0fb,629bfe-3e4bd3-de,treatment
AT-78019d1c-5929-4c91-ad41-1839def5b0fb,037913-25d3de-fa,treatment
AT-78019d1c-5929-4c91-ad41-1839def5b0fb,1f2ffb-e70142-7c,treatment
AT-78019d1c-5929-4c91-ad41-1839def5b0fb,85b8ae-5a2810-b4,treatment
AT-78019d1c-5929-4c91-ad41-1839def5b0fb,412528-cf2623-bb,treatment
AT-f45738c4-ed3f-479a-ab5f-7fc5b69c617c,1b6b3d-38f401-de,treatment
AT-f45738c4-ed3f-479a-ab5f-7fc5b69c617c,2e898f-e2a69f-92,treatment
AT-f45738c4-ed3f-479a-ab5f-7fc5b69c617c,9e7616-191888-ca,treatment
AT-f45738c4-ed3f-479a-ab5f-7fc5b69c617c,494171-68c9dc-85,treatment
AT-f45738c4-ed3f-479a-ab5f-7fc5b69c617c,31cb93-c5a3b5-0d,treatment
AT-f45738c4-ed3f-479a-ab5f-7fc5b69c617c,2d244e-252307-08,treatment
AT-1f4ae3ff-4899-4db6-b252-190466bc3572,46a4cc-5a3edf-60,treatment
AT-1f4ae3ff-4899-4db6-b252-190466bc3572,7a1c2b-455301-0b,treatment
AT-1f4ae3ff-4899-4db6-b252-190466bc3572,67fcf9-5db00c-b8,treatment
AT-1f4ae3ff-4899-4db6-b252-190466bc3572,768f54-82fec1-79,treatment
AT-1f4ae3ff-4899-4db6-b252-190466bc3572,674556-05bcb3-bb,treatment
AT-1e3a856d-9891-4d5c-8f11-f791c794acba,ac90d5-0efae8-e0,treatment
AT-6d26e446-8d34-4aad-b9e9-4c5d6937138a,61666a-10c997-b9,treatment
AT-2e0a96d4-cf33-4fff-8687-6797e22c6bda,e6aaca-3268a1-97,treatment
AT-2e0a96d4-cf33-4fff-8687-6797e22c6bda,39321f-ede49a-c5,treatment
AT-2e0a96d4-cf33-4fff-8687-6797e22c6bda,024587-53f55d-3d,treatment
AT-2e0a96d4-cf33-4fff-8687-6797e22c6bda,86ab2d-9ce3af-c3,treatment
AT-2e0a96d4-cf33-4fff-8687-6797e22c6bda,a7a2be-4366d4-82,treatment
AT-2e0a96d4-cf33-4fff-8687-6797e22c6bda,8d3837-0ee3fa-79,treatment
AT-2e0a96d4-cf33-4fff-8687-6797e22c6bda,678695-6f6bc6-44,treatment
AT-a68fc0c8-5e6d-441f-863e-e04e7bdf7686,eceaab-0f0cc6-7f,treatment
AT-cb198c82-8524-4ecd-9393-2f81e1702e76,e06e18-dde140-34,treatment
AT-c5355df1-0546-4b9d-9742-397b3ad79842,90ec43-9f1fb5-27,treatment
AT-6d26e446-8d34-4aad-b9e9-4c5d6937138a,61666a-10c997-b9,treatment
AT-6d26e446-8d34-4aad-b9e9-4c5d6937138a,61666a-10c997-b9,treatment
AT-2e5f1c7a-7633-469b-8b2e-9c8c8e64f5ed,c785f1-1b6214-16,treatment
AT-2e5f1c7a-7633-469b-8b2e-9c8c8e64f5ed,6e4495-eb3cf9-5d,treatment
AT-2e5f1c7a-7633-469b-8b2e-9c8c8e64f5ed,94d027-450cf9-35,treatment
AT-2e5f1c7a-7633-469b-8b2e-9c8c8e64f5ed,e45675-0e2564-6c,treatment
AT-2e5f1c7a-7633-469b-8b2e-9c8c8e64f5ed,30045e-ad83e3-76,treatment
AT-2e5f1c7a-7633-469b-8b2e-9c8c8e64f5ed,25339d-784088-07,treatment
AT-2e5f1c7a-7633-469b-8b2e-9c8c8e64f5ed,5ca7f1-2454aa-24,treatment
AT-2e5f1c7a-7633-469b-8b2e-9c8c8e64f5ed,d83628-005281-e1,treatment
AT-2e5f1c7a-7633-469b-8b2e-9c8c8e64f5ed,23b4cd-a54bb7-b8,treatment
AT-1f4ae3ff-4899-4db6-b252-190466bc3572,46a4cc-5a3edf-60,treatment
AT-1f4ae3ff-4899-4db6-b252-190466bc3572,7a1c2b-455301-0b,treatment
AT-1f4ae3ff-4899-4db6-b252-190466bc3572,67fcf9-5db00c-b8,treatment
AT-1f4ae3ff-4899-4db6-b252-190466bc3572,768f54-82fec1-79,treatment
AT-1f4ae3ff-4899-4db6-b252-190466bc3572,674556-05bcb3-bb,treatment
AT-c5d0cca9-e3f9-4c1c-a084-614b783a3d11,a9dcf6-50da4f-67,treatment
AT-8535d441-b181-413b-8c0c-a22cd52c7465,862967-e0c11d-44,treatment
AT-31bf583c-f619-439f-891e-967e74457db0,0cd47b-0e5d48-e0,treatment
AT-a3805f04-d62b-4834-82df-0d0f02e3b690,8de2f5-51921e-2e,treatment
AT-a3805f04-d62b-4834-82df-0d0f02e3b690,edee66-715064-0b,treatment
AT-a3805f04-d62b-4834-82df-0d0f02e3b690,c701ce-ab880c-ff,treatment
AT-93504e01-7bc4-4b78-844e-7c37c807b8ed,ae42f6-b61c0f-df,treatment
AT-711669cc-056c-4062-bcc5-bc1c1a717b43,a7a2be-4366d4-82,treatment
AT-ffb1cc2b-3af7-46a7-a779-d37cb4d21253,ebaee8-773795-03,treatment
AT-1f8af458-5d60-47da-b005-593f54f4ffd4,57a379-49af03-5c,treatment
AT-ff9684e8-1bbe-4c74-ab23-b0047e80005d,2e25f5-67151f-a2,treatment
AT-9323500f-b8ce-4778-a9b6-70b7b2e78d95,23b4cd-a54bb7-b8,treatment
AT-7a2ae971-4b6a-4b30-bbe9-5b6315cd5396,9218fa-4573e3-8f,treatment
AT-46b9868e-b9c2-4500-a5c1-a9f126cc3dfb,1f2ffb-e70142-7c,treatment
AT-ffd3b9a7-1bf9-4ef9-b099-21fcf1542f60,5aac54-5b0ed7-d6,treatment
AT-dc2cfc23-8794-46dd-8700-f24602dbaeec,ab1a5b-0a633b-fc,treatment
AT-dc2cfc23-8794-46dd-8700-f24602dbaeec,a6dc14-dfb760-a7,treatment
AT-dc2cfc23-8794-46dd-8700-f24602dbaeec,c575be-725d40-77,treatment
AT-dc2cfc23-8794-46dd-8700-f24602dbaeec,0f9b3d-fcc0d4-5e,treatment
AT-dc2cfc23-8794-46dd-8700-f24602dbaeec,87dcbf-17d917-79,treatment
AT-dc2cfc23-8794-46dd-8700-f24602dbaeec,93cb37-006186-d4,treatment
AT-dc2cfc23-8794-46dd-8700-f24602dbaeec,1c670c-c35bfe-6c,treatment
AT-dc2cfc23-8794-46dd-8700-f24602dbaeec,c7c489-963ffb-8a,treatment
AT-dc2cfc23-8794-46dd-8700-f24602dbaeec,2baa2e-bd8e39-bc,treatment
AT-dc2cfc23-8794-46dd-8700-f24602dbaeec,9a8e4d-37d2aa-29,treatment
AT-dc2cfc23-8794-46dd-8700-f24602dbaeec,c1b506-7671e3-3f,treatment
AT-dc2cfc23-8794-46dd-8700-f24602dbaeec,242ac9-6e29b2-67,treatment
AT-dc2cfc23-8794-46dd-8700-f24602dbaeec,7c0390-d28d51-2e,treatment
AT-dc2cfc23-8794-46dd-8700-f24602dbaeec,b40cd7-211a41-df,treatment
AT-dc2cfc23-8794-46dd-8700-f24602dbaeec,61666a-10c997-b9,treatment
AT-dc2cfc23-8794-46dd-8700-f24602dbaeec,0827ad-65389c-d1,treatment
AT-dc2cfc23-8794-46dd-8700-f24602dbaeec,655443-807273-cf,treatment
AT-46b9868e-b9c2-4500-a5c1-a9f126cc3dfb,1f2ffb-e70142-7c,treatment
AT-90f690c5-63eb-4e54-9d3b-d16161e440de,ef50c7-063fea-f4,treatment
AT-90f690c5-63eb-4e54-9d3b-d16161e440de,6545c0-f910bc-91,treatment
AT-90f690c5-63eb-4e54-9d3b-d16161e440de,6ec642-318024-1f,treatment
AT-90f690c5-63eb-4e54-9d3b-d16161e440de,68d0ea-8296b6-8e,treatment
AT-03c093dc-e86f-46ad-95af-549c0293375d,768f54-82fec1-79,treatment
AT-c4115ca1-6715-4796-abee-2122127ecd29,8cd459-fe4127-43,treatment
AT-4be1f51e-afc5-41f9-aeb3-cea8b9270917,ea35af-16019d-be,treatment
AT-adb954d8-5993-4ce0-b23c-57806ec52ecb,791ece-a8271a-2b,treatment
AT-adb954d8-5993-4ce0-b23c-57806ec52ecb,791ece-a8271a-2b,treatment
AT-adb954d8-5993-4ce0-b23c-57806ec52ecb,791ece-a8271a-2b,treatment
AT-adb954d8-5993-4ce0-b23c-57806ec52ecb,791ece-a8271a-2b,treatment
AT-adb954d8-5993-4ce0-b23c-57806ec52ecb,791ece-a8271a-2b,treatment
AT-106020bc-f19e-4b01-9527-9863b5000c79,3562af-e9bbdc-20,treatment
AT-106020bc-f19e-4b01-9527-9863b5000c79,69c48f-679c55-c7,treatment
AT-106020bc-f19e-4b01-9527-9863b5000c79,3f042b-edb130-a3,treatment
AT-106020bc-f19e-4b01-9527-9863b5000c79,14568e-f0fc54-c7,treatment
AT-106020bc-f19e-4b01-9527-9863b5000c79,e8e1e0-1137cf-4a,treatment
AT-106020bc-f19e-4b01-9527-9863b5000c79,f676d4-69642c-a7,treatment
AT-106020bc-f19e-4b01-9527-9863b5000c79,f49479-d292fc-f9,treatment
AT-106020bc-f19e-4b01-9527-9863b5000c79,0f3b3e-9b0550-4c,treatment
AT-636d9af4-57fe-425b-aae7-ea11674c594b,4da718-6f0402-c0,treatment
AT-16a132cc-cb3d-46df-bcde-3386c4eaa5a5,bc5846-fa05a5-9c,treatment
AT-a4cf8f2d-7575-48ec-a50d-0a1e25a6182d,1ffdf4-89e520-16,treatment
AT-8912dec8-1234-42b4-806d-4dadcde6ebf2,18fabd-3843fa-ee,treatment
AT-8912dec8-1234-42b4-806d-4dadcde6ebf2,14ee17-1608f4-cf,treatment
AT-8912dec8-1234-42b4-806d-4dadcde6ebf2,2a3bb1-3ffdb0-2a,treatment
AT-8912dec8-1234-42b4-806d-4dadcde6ebf2,1ff62d-8feb49-c9,treatment
AT-8912dec8-1234-42b4-806d-4dadcde6ebf2,ebe0bd-cfb517-5a,treatment
AT-8912dec8-1234-42b4-806d-4dadcde6ebf2,02adab-fbecf1-62,treatment
AT-8912dec8-1234-42b4-806d-4dadcde6ebf2,037aee-5187c5-4b,treatment
AT-aed324f3-6bdf-482f-b55b-12f1631e1e45,1b7fc8-db4f7a-19,treatment
AT-dc2cfc23-8794-46dd-8700-f24602dbaeec,ab1a5b-0a633b-fc,treatment
AT-dc2cfc23-8794-46dd-8700-f24602dbaeec,a6dc14-dfb760-a7,treatment
AT-dc2cfc23-8794-46dd-8700-f24602dbaeec,c575be-725d40-77,treatment
AT-dc2cfc23-8794-46dd-8700-f24602dbaeec,0f9b3d-fcc0d4-5e,treatment
AT-dc2cfc23-8794-46dd-8700-f24602dbaeec,87dcbf-17d917-79,treatment
AT-dc2cfc23-8794-46dd-8700-f24602dbaeec,93cb37-006186-d4,treatment
AT-dc2cfc23-8794-46dd-8700-f24602dbaeec,1c670c-c35bfe-6c,treatment
AT-dc2cfc23-8794-46dd-8700-f24602dbaeec,c7c489-963ffb-8a,treatment
AT-dc2cfc23-8794-46dd-8700-f24602dbaeec,2baa2e-bd8e39-bc,treatment
AT-dc2cfc23-8794-46dd-8700-f24602dbaeec,9a8e4d-37d2aa-29,treatment
AT-dc2cfc23-8794-46dd-8700-f24602dbaeec,c1b506-7671e3-3f,treatment
AT-dc2cfc23-8794-46dd-8700-f24602dbaeec,242ac9-6e29b2-67,treatment
AT-dc2cfc23-8794-46dd-8700-f24602dbaeec,7c0390-d28d51-2e,treatment
AT-dc2cfc23-8794-46dd-8700-f24602dbaeec,b40cd7-211a41-df,treatment
AT-dc2cfc23-8794-46dd-8700-f24602dbaeec,61666a-10c997-b9,treatment
AT-dc2cfc23-8794-46dd-8700-f24602dbaeec,0827ad-65389c-d1,treatment
AT-dc2cfc23-8794-46dd-8700-f24602dbaeec,655443-807273-cf,treatment
AT-dc2cfc23-8794-46dd-8700-f24602dbaeec,ab1a5b-0a633b-fc,treatment
AT-dc2cfc23-8794-46dd-8700-f24602dbaeec,a6dc14-dfb760-a7,treatment
AT-dc2cfc23-8794-46dd-8700-f24602dbaeec,c575be-725d40-77,treatment
AT-dc2cfc23-8794-46dd-8700-f24602dbaeec,0f9b3d-fcc0d4-5e,treatment
AT-dc2cfc23-8794-46dd-8700-f24602dbaeec,87dcbf-17d917-79,treatment
AT-dc2cfc23-8794-46dd-8700-f24602dbaeec,93cb37-006186-d4,treatment
AT-dc2cfc23-8794-46dd-8700-f24602dbaeec,1c670c-c35bfe-6c,treatment
AT-dc2cfc23-8794-46dd-8700-f24602dbaeec,c7c489-963ffb-8a,treatment
AT-dc2cfc23-8794-46dd-8700-f24602dbaeec,2baa2e-bd8e39-bc,treatment
AT-dc2cfc23-8794-46dd-8700-f24602dbaeec,9a8e4d-37d2aa-29,treatment
AT-dc2cfc23-8794-46dd-8700-f24602dbaeec,c1b506-7671e3-3f,treatment
AT-dc2cfc23-8794-46dd-8700-f24602dbaeec,242ac9-6e29b2-67,treatment
AT-dc2cfc23-8794-46dd-8700-f24602dbaeec,7c0390-d28d51-2e,treatment
AT-dc2cfc23-8794-46dd-8700-f24602dbaeec,b40cd7-211a41-df,treatment
AT-dc2cfc23-8794-46dd-8700-f24602dbaeec,61666a-10c997-b9,treatment
AT-dc2cfc23-8794-46dd-8700-f24602dbaeec,0827ad-65389c-d1,treatment
AT-dc2cfc23-8794-46dd-8700-f24602dbaeec,655443-807273-cf,treatment
AT-dc2cfc23-8794-46dd-8700-f24602dbaeec,ab1a5b-0a633b-fc,treatment
AT-dc2cfc23-8794-46dd-8700-f24602dbaeec,a6dc14-dfb760-a7,treatment
AT-dc2cfc23-8794-46dd-8700-f24602dbaeec,c575be-725d40-77,treatment
AT-dc2cfc23-8794-46dd-8700-f24602dbaeec,0f9b3d-fcc0d4-5e,treatment
AT-dc2cfc23-8794-46dd-8700-f24602dbaeec,87dcbf-17d917-79,treatment
AT-dc2cfc23-8794-46dd-8700-f24602dbaeec,93cb37-006186-d4,treatment
AT-dc2cfc23-8794-46dd-8700-f24602dbaeec,1c670c-c35bfe-6c,treatment
AT-dc2cfc23-8794-46dd-8700-f24602dbaeec,c7c489-963ffb-8a,treatment
AT-dc2cfc23-8794-46dd-8700-f24602dbaeec,2baa2e-bd8e39-bc,treatment
AT-dc2cfc23-8794-46dd-8700-f24602dbaeec,9a8e4d-37d2aa-29,treatment
AT-dc2cfc23-8794-46dd-8700-f24602dbaeec,c1b506-7671e3-3f,treatment
AT-dc2cfc23-8794-46dd-8700-f24602dbaeec,242ac9-6e29b2-67,treatment
AT-dc2cfc23-8794-46dd-8700-f24602dbaeec,7c0390-d28d51-2e,treatment
AT-dc2cfc23-8794-46dd-8700-f24602dbaeec,b40cd7-211a41-df,treatment
AT-dc2cfc23-8794-46dd-8700-f24602dbaeec,61666a-10c997-b9,treatment
AT-dc2cfc23-8794-46dd-8700-f24602dbaeec,0827ad-65389c-d1,treatment
AT-dc2cfc23-8794-46dd-8700-f24602dbaeec,655443-807273-cf,treatment
AT-3e59546c-2513-4996-b6b0-97c640b1c1b1,d217fb-d32e2e-ae,treatment
AT-775a32e6-58f2-4451-85db-36f839e44c2f,b4d3e5-90d8f8-54,treatment
AT-3e623d9b-d3d4-4fef-83ef-ca77855061ba,d9e124-deddb2-0c,treatment
AT-d07706b5-4dac-45a0-8ff0-f1fa5b3b6c0d,0827ad-65389c-d1,treatment
AT-8fdff6cc-651b-4e7a-bd0f-d61115c92879,700453-6be2ef-10,treatment
AT-3b1b7904-e7a9-40ba-a668-f9287b936db7,e191e4-9ea3e8-79,treatment
AT-3b1b7904-e7a9-40ba-a668-f9287b936db7,e191e4-9ea3e8-79,treatment
AT-8912dec8-1234-42b4-806d-4dadcde6ebf2,18fabd-3843fa-ee,treatment
AT-8912dec8-1234-42b4-806d-4dadcde6ebf2,14ee17-1608f4-cf,treatment
AT-8912dec8-1234-42b4-806d-4dadcde6ebf2,2a3bb1-3ffdb0-2a,treatment
AT-8912dec8-1234-42b4-806d-4dadcde6ebf2,1ff62d-8feb49-c9,treatment
AT-8912dec8-1234-42b4-806d-4dadcde6ebf2,ebe0bd-cfb517-5a,treatment
AT-8912dec8-1234-42b4-806d-4dadcde6ebf2,02adab-fbecf1-62,treatment
AT-8912dec8-1234-42b4-806d-4dadcde6ebf2,037aee-5187c5-4b,treatment
AT-2ab4513b-880d-4d9a-9688-8135560d8933,024587-53f55d-3d,treatment
AT-15e310e9-d17d-4e36-81eb-bbb441ebccd3,6848c2-39065a-bc,treatment
AT-558c8c6a-10e4-4e0b-b9ac-1533f1f53dd9,8c8295-dcf26c-9b,treatment
AT-558c8c6a-10e4-4e0b-b9ac-1533f1f53dd9,8f68f5-8c76fa-3b,treatment
AT-558c8c6a-10e4-4e0b-b9ac-1533f1f53dd9,2bcbfb-c365c7-42,treatment
AT-558c8c6a-10e4-4e0b-b9ac-1533f1f53dd9,cbb328-7f3a63-26,treatment
AT-558c8c6a-10e4-4e0b-b9ac-1533f1f53dd9,1f13a2-8b1743-9c,treatment
AT-558c8c6a-10e4-4e0b-b9ac-1533f1f53dd9,921db4-5edcc3-1e,treatment
AT-558c8c6a-10e4-4e0b-b9ac-1533f1f53dd9,f6683c-a6ab79-2d,treatment
AT-558c8c6a-10e4-4e0b-b9ac-1533f1f53dd9,eb06ce-5e845c-b1,treatment
AT-558c8c6a-10e4-4e0b-b9ac-1533f1f53dd9,aa6aa6-44abcc-dc,treatment
AT-558c8c6a-10e4-4e0b-b9ac-1533f1f53dd9,93e080-b3e46c-a0,treatment
AT-558c8c6a-10e4-4e0b-b9ac-1533f1f53dd9,5f9ed9-74bac3-07,treatment
AT-558c8c6a-10e4-4e0b-b9ac-1533f1f53dd9,ee0a31-db9a9c-6a,treatment
AT-558c8c6a-10e4-4e0b-b9ac-1533f1f53dd9,481b4e-bb9f38-32,treatment
AT-558c8c6a-10e4-4e0b-b9ac-1533f1f53dd9,c11378-b3a14f-b5,treatment
AT-558c8c6a-10e4-4e0b-b9ac-1533f1f53dd9,a515b8-c69bee-22,treatment
AT-558c8c6a-10e4-4e0b-b9ac-1533f1f53dd9,cf58b7-3d64bc-4f,treatment
AT-558c8c6a-10e4-4e0b-b9ac-1533f1f53dd9,2f6dff-5a4583-1e,treatment
AT-558c8c6a-10e4-4e0b-b9ac-1533f1f53dd9,9be8e9-d6e229-4f,treatment
AT-558c8c6a-10e4-4e0b-b9ac-1533f1f53dd9,52f7da-4131c3-37,treatment
AT-558c8c6a-10e4-4e0b-b9ac-1533f1f53dd9,8daa09-344943-e1,treatment
AT-558c8c6a-10e4-4e0b-b9ac-1533f1f53dd9,374dd7-1d0a88-f1,treatment
AT-8912dec8-1234-42b4-806d-4dadcde6ebf2,18fabd-3843fa-ee,treatment
AT-8912dec8-1234-42b4-806d-4dadcde6ebf2,14ee17-1608f4-cf,treatment
AT-8912dec8-1234-42b4-806d-4dadcde6ebf2,2a3bb1-3ffdb0-2a,treatment
AT-8912dec8-1234-42b4-806d-4dadcde6ebf2,1ff62d-8feb49-c9,treatment
AT-8912dec8-1234-42b4-806d-4dadcde6ebf2,ebe0bd-cfb517-5a,treatment
AT-8912dec8-1234-42b4-806d-4dadcde6ebf2,02adab-fbecf1-62,treatment
AT-8912dec8-1234-42b4-806d-4dadcde6ebf2,037aee-5187c5-4b,treatment
AT-dc2cfc23-8794-46dd-8700-f24602dbaeec,ab1a5b-0a633b-fc,treatment
AT-dc2cfc23-8794-46dd-8700-f24602dbaeec,a6dc14-dfb760-a7,treatment
AT-dc2cfc23-8794-46dd-8700-f24602dbaeec,c575be-725d40-77,treatment
AT-dc2cfc23-8794-46dd-8700-f24602dbaeec,0f9b3d-fcc0d4-5e,treatment
AT-dc2cfc23-8794-46dd-8700-f24602dbaeec,87dcbf-17d917-79,treatment
AT-dc2cfc23-8794-46dd-8700-f24602dbaeec,93cb37-006186-d4,treatment
AT-dc2cfc23-8794-46dd-8700-f24602dbaeec,1c670c-c35bfe-6c,treatment
AT-dc2cfc23-8794-46dd-8700-f24602dbaeec,c7c489-963ffb-8a,treatment
AT-dc2cfc23-8794-46dd-8700-f24602dbaeec,2baa2e-bd8e39-bc,treatment
AT-dc2cfc23-8794-46dd-8700-f24602dbaeec,9a8e4d-37d2aa-29,treatment
AT-dc2cfc23-8794-46dd-8700-f24602dbaeec,c1b506-7671e3-3f,treatment
AT-dc2cfc23-8794-46dd-8700-f24602dbaeec,242ac9-6e29b2-67,treatment
AT-dc2cfc23-8794-46dd-8700-f24602dbaeec,7c0390-d28d51-2e,treatment
AT-dc2cfc23-8794-46dd-8700-f24602dbaeec,b40cd7-211a41-df,treatment
AT-dc2cfc23-8794-46dd-8700-f24602dbaeec,61666a-10c997-b9,treatment
AT-dc2cfc23-8794-46dd-8700-f24602dbaeec,0827ad-65389c-d1,treatment
AT-dc2cfc23-8794-46dd-8700-f24602dbaeec,655443-807273-cf,treatment
AT-9323500f-b8ce-4778-a9b6-70b7b2e78d95,23b4cd-a54bb7-b8,treatment
AT-dc2cfc23-8794-46dd-8700-f24602dbaeec,ab1a5b-0a633b-fc,treatment
AT-dc2cfc23-8794-46dd-8700-f24602dbaeec,a6dc14-dfb760-a7,treatment
AT-dc2cfc23-8794-46dd-8700-f24602dbaeec,c575be-725d40-77,treatment
AT-dc2cfc23-8794-46dd-8700-f24602dbaeec,0f9b3d-fcc0d4-5e,treatment
AT-dc2cfc23-8794-46dd-8700-f24602dbaeec,87dcbf-17d917-79,treatment
AT-dc2cfc23-8794-46dd-8700-f24602dbaeec,93cb37-006186-d4,treatment
AT-dc2cfc23-8794-46dd-8700-f24602dbaeec,1c670c-c35bfe-6c,treatment
AT-dc2cfc23-8794-46dd-8700-f24602dbaeec,c7c489-963ffb-8a,treatment
AT-dc2cfc23-8794-46dd-8700-f24602dbaeec,2baa2e-bd8e39-bc,treatment
AT-dc2cfc23-8794-46dd-8700-f24602dbaeec,9a8e4d-37d2aa-29,treatment
AT-dc2cfc23-8794-46dd-8700-f24602dbaeec,c1b506-7671e3-3f,treatment
AT-dc2cfc23-8794-46dd-8700-f24602dbaeec,242ac9-6e29b2-67,treatment
AT-dc2cfc23-8794-46dd-8700-f24602dbaeec,7c0390-d28d51-2e,treatment
AT-dc2cfc23-8794-46dd-8700-f24602dbaeec,b40cd7-211a41-df,treatment
AT-dc2cfc23-8794-46dd-8700-f24602dbaeec,61666a-10c997-b9,treatment
AT-dc2cfc23-8794-46dd-8700-f24602dbaeec,0827ad-65389c-d1,treatment
AT-dc2cfc23-8794-46dd-8700-f24602dbaeec,655443-807273-cf,treatment
AT-aed324f3-6bdf-482f-b55b-12f1631e1e45,1b7fc8-db4f7a-19,treatment
AT-eef831cc-b57e-42c4-be0d-c4da35082588,92acb2-1f25a2-6a,treatment
AT-dc2cfc23-8794-46dd-8700-f24602dbaeec,ab1a5b-0a633b-fc,treatment
AT-dc2cfc23-8794-46dd-8700-f24602dbaeec,a6dc14-dfb760-a7,treatment
AT-dc2cfc23-8794-46dd-8700-f24602dbaeec,c575be-725d40-77,treatment
AT-dc2cfc23-8794-46dd-8700-f24602dbaeec,0f9b3d-fcc0d4-5e,treatment
AT-dc2cfc23-8794-46dd-8700-f24602dbaeec,87dcbf-17d917-79,treatment
AT-dc2cfc23-8794-46dd-8700-f24602dbaeec,93cb37-006186-d4,treatment
AT-dc2cfc23-8794-46dd-8700-f24602dbaeec,1c670c-c35bfe-6c,treatment
AT-dc2cfc23-8794-46dd-8700-f24602dbaeec,c7c489-963ffb-8a,treatment
AT-dc2cfc23-8794-46dd-8700-f24602dbaeec,2baa2e-bd8e39-bc,treatment
AT-dc2cfc23-8794-46dd-8700-f24602dbaeec,9a8e4d-37d2aa-29,treatment
AT-dc2cfc23-8794-46dd-8700-f24602dbaeec,c1b506-7671e3-3f,treatment
AT-dc2cfc23-8794-46dd-8700-f24602dbaeec,242ac9-6e29b2-67,treatment
AT-dc2cfc23-8794-46dd-8700-f24602dbaeec,7c0390-d28d51-2e,treatment
AT-dc2cfc23-8794-46dd-8700-f24602dbaeec,b40cd7-211a41-df,treatment
AT-dc2cfc23-8794-46dd-8700-f24602dbaeec,61666a-10c997-b9,treatment
AT-dc2cfc23-8794-46dd-8700-f24602dbaeec,0827ad-65389c-d1,treatment
AT-dc2cfc23-8794-46dd-8700-f24602dbaeec,655443-807273-cf,treatment
AT-dc2cfc23-8794-46dd-8700-f24602dbaeec,ab1a5b-0a633b-fc,treatment
AT-dc2cfc23-8794-46dd-8700-f24602dbaeec,a6dc14-dfb760-a7,treatment
AT-dc2cfc23-8794-46dd-8700-f24602dbaeec,c575be-725d40-77,treatment
AT-dc2cfc23-8794-46dd-8700-f24602dbaeec,0f9b3d-fcc0d4-5e,treatment
AT-dc2cfc23-8794-46dd-8700-f24602dbaeec,87dcbf-17d917-79,treatment
AT-dc2cfc23-8794-46dd-8700-f24602dbaeec,93cb37-006186-d4,treatment
AT-dc2cfc23-8794-46dd-8700-f24602dbaeec,1c670c-c35bfe-6c,treatment
AT-dc2cfc23-8794-46dd-8700-f24602dbaeec,c7c489-963ffb-8a,treatment
AT-dc2cfc23-8794-46dd-8700-f24602dbaeec,2baa2e-bd8e39-bc,treatment
AT-dc2cfc23-8794-46dd-8700-f24602dbaeec,9a8e4d-37d2aa-29,treatment
AT-dc2cfc23-8794-46dd-8700-f24602dbaeec,c1b506-7671e3-3f,treatment
AT-dc2cfc23-8794-46dd-8700-f24602dbaeec,242ac9-6e29b2-67,treatment
AT-dc2cfc23-8794-46dd-8700-f24602dbaeec,7c0390-d28d51-2e,treatment
AT-dc2cfc23-8794-46dd-8700-f24602dbaeec,b40cd7-211a41-df,treatment
AT-dc2cfc23-8794-46dd-8700-f24602dbaeec,61666a-10c997-b9,treatment
AT-dc2cfc23-8794-46dd-8700-f24602dbaeec,0827ad-65389c-d1,treatment
AT-dc2cfc23-8794-46dd-8700-f24602dbaeec,655443-807273-cf,treatment
AT-c5355df1-0546-4b9d-9742-397b3ad79842,90ec43-9f1fb5-27,treatment
AT-c5355df1-0546-4b9d-9742-397b3ad79842,90ec43-9f1fb5-27,treatment
AT-dc2cfc23-8794-46dd-8700-f24602dbaeec,ab1a5b-0a633b-fc,treatment
AT-dc2cfc23-8794-46dd-8700-f24602dbaeec,a6dc14-dfb760-a7,treatment
AT-dc2cfc23-8794-46dd-8700-f24602dbaeec,c575be-725d40-77,treatment
AT-dc2cfc23-8794-46dd-8700-f24602dbaeec,0f9b3d-fcc0d4-5e,treatment
AT-dc2cfc23-8794-46dd-8700-f24602dbaeec,87dcbf-17d917-79,treatment
AT-dc2cfc23-8794-46dd-8700-f24602dbaeec,93cb37-006186-d4,treatment
AT-dc2cfc23-8794-46dd-8700-f24602dbaeec,1c670c-c35bfe-6c,treatment
AT-dc2cfc23-8794-46dd-8700-f24602dbaeec,c7c489-963ffb-8a,treatment
AT-dc2cfc23-8794-46dd-8700-f24602dbaeec,2baa2e-bd8e39-bc,treatment
AT-dc2cfc23-8794-46dd-8700-f24602dbaeec,9a8e4d-37d2aa-29,treatment
AT-dc2cfc23-8794-46dd-8700-f24602dbaeec,c1b506-7671e3-3f,treatment
AT-dc2cfc23-8794-46dd-8700-f24602dbaeec,242ac9-6e29b2-67,treatment
AT-dc2cfc23-8794-46dd-8700-f24602dbaeec,7c0390-d28d51-2e,treatment
AT-dc2cfc23-8794-46dd-8700-f24602dbaeec,b40cd7-211a41-df,treatment
AT-dc2cfc23-8794-46dd-8700-f24602dbaeec,61666a-10c997-b9,treatment
AT-dc2cfc23-8794-46dd-8700-f24602dbaeec,0827ad-65389c-d1,treatment
AT-dc2cfc23-8794-46dd-8700-f24602dbaeec,655443-807273-cf,treatment
AT-dc2cfc23-8794-46dd-8700-f24602dbaeec,ab1a5b-0a633b-fc,treatment
AT-dc2cfc23-8794-46dd-8700-f24602dbaeec,a6dc14-dfb760-a7,treatment
AT-dc2cfc23-8794-46dd-8700-f24602dbaeec,c575be-725d40-77,treatment
AT-dc2cfc23-8794-46dd-8700-f24602dbaeec,0f9b3d-fcc0d4-5e,treatment
AT-dc2cfc23-8794-46dd-8700-f24602dbaeec,87dcbf-17d917-79,treatment
AT-dc2cfc23-8794-46dd-8700-f24602dbaeec,93cb37-006186-d4,treatment
AT-dc2cfc23-8794-46dd-8700-f24602dbaeec,1c670c-c35bfe-6c,treatment
AT-dc2cfc23-8794-46dd-8700-f24602dbaeec,c7c489-963ffb-8a,treatment
AT-dc2cfc23-8794-46dd-8700-f24602dbaeec,2baa2e-bd8e39-bc,treatment
AT-dc2cfc23-8794-46dd-8700-f24602dbaeec,9a8e4d-37d2aa-29,treatment
AT-dc2cfc23-8794-46dd-8700-f24602dbaeec,c1b506-7671e3-3f,treatment
AT-dc2cfc23-8794-46dd-8700-f24602dbaeec,242ac9-6e29b2-67,treatment
AT-dc2cfc23-8794-46dd-8700-f24602dbaeec,7c0390-d28d51-2e,treatment
AT-dc2cfc23-8794-46dd-8700-f24602dbaeec,b40cd7-211a41-df,treatment
AT-dc2cfc23-8794-46dd-8700-f24602dbaeec,61666a-10c997-b9,treatment
AT-dc2cfc23-8794-46dd-8700-f24602dbaeec,0827ad-65389c-d1,treatment
AT-dc2cfc23-8794-46dd-8700-f24602dbaeec,655443-807273-cf,treatment
AT-7984d218-8a6a-4bb2-8296-aaabfd9b193a,e1eaa1-17ac8e-90,treatment
AT-dc2cfc23-8794-46dd-8700-f24602dbaeec,ab1a5b-0a633b-fc,treatment
AT-dc2cfc23-8794-46dd-8700-f24602dbaeec,a6dc14-dfb760-a7,treatment
AT-dc2cfc23-8794-46dd-8700-f24602dbaeec,c575be-725d40-77,treatment
AT-dc2cfc23-8794-46dd-8700-f24602dbaeec,0f9b3d-fcc0d4-5e,treatment
AT-dc2cfc23-8794-46dd-8700-f24602dbaeec,87dcbf-17d917-79,treatment
AT-dc2cfc23-8794-46dd-8700-f24602dbaeec,93cb37-006186-d4,treatment
AT-dc2cfc23-8794-46dd-8700-f24602dbaeec,1c670c-c35bfe-6c,treatment
AT-dc2cfc23-8794-46dd-8700-f24602dbaeec,c7c489-963ffb-8a,treatment
AT-dc2cfc23-8794-46dd-8700-f24602dbaeec,2baa2e-bd8e39-bc,treatment
AT-dc2cfc23-8794-46dd-8700-f24602dbaeec,9a8e4d-37d2aa-29,treatment
AT-dc2cfc23-8794-46dd-8700-f24602dbaeec,c1b506-7671e3-3f,treatment
AT-dc2cfc23-8794-46dd-8700-f24602dbaeec,242ac9-6e29b2-67,treatment
AT-dc2cfc23-8794-46dd-8700-f24602dbaeec,7c0390-d28d51-2e,treatment
AT-dc2cfc23-8794-46dd-8700-f24602dbaeec,b40cd7-211a41-df,treatment
AT-dc2cfc23-8794-46dd-8700-f24602dbaeec,61666a-10c997-b9,treatment
AT-dc2cfc23-8794-46dd-8700-f24602dbaeec,0827ad-65389c-d1,treatment
AT-dc2cfc23-8794-46dd-8700-f24602dbaeec,655443-807273-cf,treatment
AT-2e0a96d4-cf33-4fff-8687-6797e22c6bda,e6aaca-3268a1-97,treatment
AT-2e0a96d4-cf33-4fff-8687-6797e22c6bda,39321f-ede49a-c5,treatment
AT-2e0a96d4-cf33-4fff-8687-6797e22c6bda,024587-53f55d-3d,treatment
AT-2e0a96d4-cf33-4fff-8687-6797e22c6bda,86ab2d-9ce3af-c3,treatment
AT-2e0a96d4-cf33-4fff-8687-6797e22c6bda,a7a2be-4366d4-82,treatment
AT-2e0a96d4-cf33-4fff-8687-6797e22c6bda,8d3837-0ee3fa-79,treatment
AT-2e0a96d4-cf33-4fff-8687-6797e22c6bda,678695-6f6bc6-44,treatment
AC-818aed39-95be-4f01-b18e-5982c5937265,dd7434-f5068a-05,control
AC-9c24b33b-a5ab-4724-bed7-f9996a57da20,6a053c-02a30a-35,control
AC-9c24b33b-a5ab-4724-bed7-f9996a57da20,5a9b97-9d6c34-60,control
AC-9c24b33b-a5ab-4724-bed7-f9996a57da20,390d1f-19dc2b-96,control
AC-9c24b33b-a5ab-4724-bed7-f9996a57da20,504bdf-cbf291-3a,control
AC-9c24b33b-a5ab-4724-bed7-f9996a57da20,58fc8d-86e321-50,control
AC-9c24b33b-a5ab-4724-bed7-f9996a57da20,6a053c-02a30a-35,control
AC-9c24b33b-a5ab-4724-bed7-f9996a57da20,5a9b97-9d6c34-60,control
AC-9c24b33b-a5ab-4724-bed7-f9996a57da20,390d1f-19dc2b-96,control
AC-9c24b33b-a5ab-4724-bed7-f9996a57da20,504bdf-cbf291-3a,control
AC-9c24b33b-a5ab-4724-bed7-f9996a57da20,58fc8d-86e321-50,control
AC-1f788317-7bb3-4e1e-b870-d9a9cb052e26,70f2f2-2f9d92-f8,control
AC-9c24b33b-a5ab-4724-bed7-f9996a57da20,6a053c-02a30a-35,control
AC-9c24b33b-a5ab-4724-bed7-f9996a57da20,5a9b97-9d6c34-60,control
AC-9c24b33b-a5ab-4724-bed7-f9996a57da20,390d1f-19dc2b-96,control
AC-9c24b33b-a5ab-4724-bed7-f9996a57da20,504bdf-cbf291-3a,control
AC-9c24b33b-a5ab-4724-bed7-f9996a57da20,58fc8d-86e321-50,control
AC-2d737019-2b02-4af0-bd58-7babb7ad5395,0d5de8-0d34b8-22,control
AC-2d737019-2b02-4af0-bd58-7babb7ad5395,d44290-8f3cdc-01,control
AC-2d737019-2b02-4af0-bd58-7babb7ad5395,a1a896-494645-f2,control
AC-2d737019-2b02-4af0-bd58-7babb7ad5395,9b11b5-fd84b9-6b,control
AC-2d737019-2b02-4af0-bd58-7babb7ad5395,a3e1f0-566b71-c5,control
AC-2d737019-2b02-4af0-bd58-7babb7ad5395,853d83-9318ce-32,control
AC-2d737019-2b02-4af0-bd58-7babb7ad5395,1a6095-3dd388-72,control
AC-525276cc-31a9-4b64-9975-c081de675fe4,12f461-b39d81-77,control
AC-ae019156-a36f-4e74-b777-a779e0a12952,0f0a7a-345883-3c,control
AC-f1f9c267-8799-466d-9752-7cfe8d168742,22f72a-8ed382-6e,control
AC-671f49b2-3d07-42fb-bc4b-a508801fd02f,81a8c9-a5fb23-f8,control
AC-671f49b2-3d07-42fb-bc4b-a508801fd02f,4ce0e1-1135c8-2e,control
AC-671f49b2-3d07-42fb-bc4b-a508801fd02f,8382d8-c78047-a3,control
AC-671f49b2-3d07-42fb-bc4b-a508801fd02f,e731c5-6eb5e5-ad,control
AC-671f49b2-3d07-42fb-bc4b-a508801fd02f,20e351-fc70ca-68,control
AC-671f49b2-3d07-42fb-bc4b-a508801fd02f,a36911-821b50-d5,control
AC-e49f7178-a233-4a9c-a603-cb654a1eab70,9b11b5-fd84b9-6b,control
AC-e32360b8-0b07-4892-87fe-b83412e167a6,2d143c-e76d21-cd,control
AC-2194a285-4862-4051-bf58-a97360a1d5e6,d116b4-30f5e5-5f,control
AC-a935084b-8166-4069-9ca5-188aa5c24673,fc42f0-1c727c-ef,control
AC-9fc9ff8f-7a14-4418-8211-30f11995faa1,e27a25-a9c3be-3c,control
AC-37c7ab4a-5cf3-47be-9032-84370b832d40,039b0a-0cb93e-f6,control
AC-37c7ab4a-5cf3-47be-9032-84370b832d40,3efd7d-7da279-ff,control
AC-37c7ab4a-5cf3-47be-9032-84370b832d40,e27a25-a9c3be-3c,control
AC-37c7ab4a-5cf3-47be-9032-84370b832d40,85ccba-102d13-61,control
AC-689665c4-2066-446d-84c9-6c68bbb8ae61,812f02-1d5d11-de,control
AC-5e11d866-4b30-437a-b562-2b777e00c62f,70f2f2-2f9d92-f8,control
AC-5e11d866-4b30-437a-b562-2b777e00c62f,d90b76-c20def-62,control
AC-5e11d866-4b30-437a-b562-2b777e00c62f,5c1e52-9bd2ae-8a,control
AC-ed421c55-db1d-44a5-933b-0bc5b1f64a74,cd0d68-4ba8b1-24,control
AC-62d8a282-c75d-4456-87fe-b36eaff955b8,8ca0e5-b8edeb-a4,control
AC-e31bcaf8-efad-4a2d-a332-b7121297a89f,833011-6e1cb5-76,control
AC-e31bcaf8-efad-4a2d-a332-b7121297a89f,907bf9-56b6cb-0c,control
AC-e31bcaf8-efad-4a2d-a332-b7121297a89f,0f0a7a-345883-3c,control
AC-e31bcaf8-efad-4a2d-a332-b7121297a89f,b08eb8-ad139d-c3,control
AC-e31bcaf8-efad-4a2d-a332-b7121297a89f,408523-7e4bbb-19,control
AC-c5980cac-2cb0-41fb-a3c0-a78dd8860a7c,028dbb-5175b2-50,control
AC-98c762da-9d5a-428c-82c8-04e888e32bc9,2a4362-a16ae7-07,control
AC-98c762da-9d5a-428c-82c8-04e888e32bc9,2a4362-a16ae7-07,control
AC-5cfaae34-1e2a-4634-a39e-8398bdc968bf,fcc4ac-5b2ce4-1a,control
AC-5cfaae34-1e2a-4634-a39e-8398bdc968bf,db1d1d-795f6b-c5,control
AC-5cfaae34-1e2a-4634-a39e-8398bdc968bf,f0f147-98a885-cd,control
AC-5cfaae34-1e2a-4634-a39e-8398bdc968bf,e9ba2d-ebc5f3-dd,control
AC-5cfaae34-1e2a-4634-a39e-8398bdc968bf,b59298-a43d5b-db,control
AC-5cfaae34-1e2a-4634-a39e-8398bdc968bf,c137dd-f6685f-cd,control
AC-5cfaae34-1e2a-4634-a39e-8398bdc968bf,f96fc3-2715f0-03,control
AC-5cfaae34-1e2a-4634-a39e-8398bdc968bf,1d36f0-52fa39-a8,control
AC-5cfaae34-1e2a-4634-a39e-8398bdc968bf,623420-d5d1fe-25,control
AC-5cfaae34-1e2a-4634-a39e-8398bdc968bf,bd6503-c3c782-bd,control
AC-5cfaae34-1e2a-4634-a39e-8398bdc968bf,6a9484-cfb8db-a2,control
AC-5b6aa308-1c5e-4228-afc5-ebe7ad681f51,9fba06-8ec63c-1d,control
AC-5b6aa308-1c5e-4228-afc5-ebe7ad681f51,4e14c5-8f594f-2b,control
AC-c7e07a9a-ea9f-457b-8705-19d23c5d2090,3edce7-18d358-3a,control
AC-fc085060-c686-4777-a292-9016de0898c6,045e8a-441431-f5,control
AC-43a0a0b3-8ff5-46f8-8fa7-cc6abf800c42,9ab20d-3feb9d-82,control
AC-43a0a0b3-8ff5-46f8-8fa7-cc6abf800c42,ee1ed1-233cf5-0a,control
AC-e222f4f7-8809-46ff-91b4-c00baec12f84,0f24d1-7ccc62-8e,control
AC-212a6b4b-dd3e-49f9-b1b4-024b2c782794,d99065-a7a094-89,control
AC-e33fbc60-feec-4b76-9f43-3d6999d52f3b,1c63dc-e62fb3-6b,control
AC-e33fbc60-feec-4b76-9f43-3d6999d52f3b,785b34-5ac112-34,control
AC-e33fbc60-feec-4b76-9f43-3d6999d52f3b,e48224-badd91-82,control
AC-e33fbc60-feec-4b76-9f43-3d6999d52f3b,b38af2-032c35-49,control
AC-e33fbc60-feec-4b76-9f43-3d6999d52f3b,dedd0a-716edb-1b,control
AC-e33fbc60-feec-4b76-9f43-3d6999d52f3b,a73341-50e535-78,control
AC-e33fbc60-feec-4b76-9f43-3d6999d52f3b,e97c21-d8a738-e2,control
AC-2d315cd0-330c-4786-bd88-436cf0cf523b,bc03be-2e7f9d-e3,control
AC-b368be2f-e69a-4af1-839a-20018fae9958,c378b2-4bd29c-3e,control
AC-09e1bce4-c5d5-4548-aeb8-7c433da040a3,e731c5-6eb5e5-ad,control
AC-517a3d8f-d34b-4b32-bffc-f194919aaed3,76144c-9a9c83-5b,control
AC-517a3d8f-d34b-4b32-bffc-f194919aaed3,b8a5d0-789810-39,control
AC-517a3d8f-d34b-4b32-bffc-f194919aaed3,08af46-bd4f45-0b,control
AC-517a3d8f-d34b-4b32-bffc-f194919aaed3,24e5fe-8957fe-3c,control
AC-517a3d8f-d34b-4b32-bffc-f194919aaed3,a717e0-9977cf-a3,control
AC-ae74de6b-85a3-4c6d-ba02-784b5c5dde8b,089265-dd6228-06,control
AC-b368be2f-e69a-4af1-839a-20018fae9958,c378b2-4bd29c-3e,control
AC-f0beb17b-b61d-4dae-bc37-5389500d8aa5,08783c-af46b5-41,control
AC-44569de6-126d-4b57-97ec-0901bad87d18,204f85-979a42-90,control
AC-2f7d65a1-c24f-44ae-9ff2-86ce3fae6149,fcdd45-92e229-20,control
AC-8ec84f6f-29d7-4ef0-91d2-88fccf4758c0,fdc27d-877d04-8f,control
AC-8ec84f6f-29d7-4ef0-91d2-88fccf4758c0,387938-fbda47-26,control
AC-8ec84f6f-29d7-4ef0-91d2-88fccf4758c0,e5bacd-274278-32,control
AC-8ec84f6f-29d7-4ef0-91d2-88fccf4758c0,249308-980400-28,control
AC-8ec84f6f-29d7-4ef0-91d2-88fccf4758c0,6a389a-4e2d79-50,control
AC-8ec84f6f-29d7-4ef0-91d2-88fccf4758c0,af3844-951c38-71,control
AC-8ec84f6f-29d7-4ef0-91d2-88fccf4758c0,0343da-985cf4-0e,control
AC-8ec84f6f-29d7-4ef0-91d2-88fccf4758c0,61d20b-62eb03-0d,control
AC-8ec84f6f-29d7-4ef0-91d2-88fccf4758c0,41aacf-10e061-23,control
AC-8ec84f6f-29d7-4ef0-91d2-88fccf4758c0,1d6037-61f0ad-b7,control
AC-8ec84f6f-29d7-4ef0-91d2-88fccf4758c0,487947-00316d-d1,control
AC-8ec84f6f-29d7-4ef0-91d2-88fccf4758c0,846dab-fd06e9-1c,control
AC-8ec84f6f-29d7-4ef0-91d2-88fccf4758c0,441623-5d8055-e4,control
AC-8ec84f6f-29d7-4ef0-91d2-88fccf4758c0,573a43-163ec6-f9,control
AC-8ec84f6f-29d7-4ef0-91d2-88fccf4758c0,1285a6-8fe8c1-93,control
AC-8ec84f6f-29d7-4ef0-91d2-88fccf4758c0,20687a-dd55d8-e1,control
AC-1f890434-a60f-4ff2-983f-603da2cdf41d,85ccba-102d13-61,control
AC-99998304-f9ae-4ad6-a95b-fb3fce0ea2be,730a88-875fa3-6f,control
AC-93eb9671-6536-4af0-890b-06329b6bb71b,58a66e-bc58ce-ec,control
AC-1ca5adaa-7903-485f-81bc-1f9999bb5893,907bf9-56b6cb-0c,control
AC-c3de32c8-43ff-4e37-9954-65b4e5f55e9e,eac348-4af568-6f,control
AC-d47cdaac-ce05-44aa-8cd0-99218fd680ca,4ef8d2-2c8907-a0,control
AC-d47cdaac-ce05-44aa-8cd0-99218fd680ca,6bc091-a501c0-6b,control
AC-d47cdaac-ce05-44aa-8cd0-99218fd680ca,31677e-a65b39-a2,control
AC-d47cdaac-ce05-44aa-8cd0-99218fd680ca,f08e24-200f71-1a,control
AC-d47cdaac-ce05-44aa-8cd0-99218fd680ca,0ad6ec-dc61be-74,control
AC-d47cdaac-ce05-44aa-8cd0-99218fd680ca,30bb95-6d1ac1-7d,control
AC-eae5b48f-7728-421e-8c6a-1cd62b142237,eb5a62-02e0c7-56,control
AC-b428d293-079c-430e-a188-23693c4ee634,c814a9-b5a50b-72,control
AC-b428d293-079c-430e-a188-23693c4ee634,c680be-ef3cb0-7d,control
AC-b428d293-079c-430e-a188-23693c4ee634,95accd-4b4be7-a9,control
AC-b428d293-079c-430e-a188-23693c4ee634,8ef5e6-862f90-29,control
AC-9604b7be-da71-48b0-97d7-d0974932397d,278db4-02d7d5-e4,control
AC-15aa5919-ae4f-4e6d-80e5-4ad04ed29bfb,6af717-6dae3a-14,control
AC-3ec4ac49-e260-492b-a798-38569f10b0e3,4ce0e1-1135c8-2e,control
AC-3ec4ac49-e260-492b-a798-38569f10b0e3,20e351-fc70ca-68,control
AC-7289a821-a64a-4b48-a305-c868d857ed8d,8cba67-ae989a-04,control
AC-c277a3aa-cd23-4c45-8175-354b0ac75c39,81a8c9-a5fb23-f8,control
AC-fa6a463f-39ce-4dac-a04a-c5c4c35ee9c1,bfd699-0d7bc9-a9,control
AC-f0beb17b-b61d-4dae-bc37-5389500d8aa5,08783c-af46b5-41,control
AC-422712d2-9fdb-4451-b0a8-f5fcba74eaa1,3e6050-369647-1c,control
AC-2c9fa22a-652e-47bf-9583-d1fe195c406d,a34241-75b6e8-13,control
AC-2f7d65a1-c24f-44ae-9ff2-86ce3fae6149,fcdd45-92e229-20,control
MT-79e7f356-b0c2-4a8f-927f-d32477951fe7,9b5023-8bf5b0-ca,treatment
MT-004fadcd-d8cc-4e2e-b76e-b5f69ea5f8c3,539afd-82647c-2e,treatment
MT-004fadcd-d8cc-4e2e-b76e-b5f69ea5f8c3,80161b-5a3c6b-18,treatment
MT-004fadcd-d8cc-4e2e-b76e-b5f69ea5f8c3,539afd-82647c-2e,treatment
MT-004fadcd-d8cc-4e2e-b76e-b5f69ea5f8c3,80161b-5a3c6b-18,treatment
MT-8c1935d7-23ee-492d-89d8-405697a5ec8b,3af205-6a1314-11,treatment
MT-efbdb87c-f9e9-4c40-8629-d4f6e6a6d862,98d306-642ad6-08,treatment
MT-54435102-6a5f-4eca-9e87-2aec52fa276a,9b91c5-cdf862-34,treatment
MT-8cec9f2a-9cfe-4216-8dd2-5f78f6a184e5,e57c82-4878a3-c8,treatment
MT-6e182875-460f-45aa-9a1f-764a3b8c56ae,98d306-642ad6-08,treatment
MT-44c43e24-a000-4edd-9c8d-1de9334deb04,a1b52a-496f63-f3,treatment
MT-cd799f78-593c-431a-9f8b-91eb32169fed,e5f858-e90375-89,treatment
MT-c6db26d5-4a5a-4b05-98d5-8e7c6013174b,e5f858-e90375-89,treatment
MT-c2ad0698-78f2-4621-b66b-ecd811028ae7,603f76-9ac7b6-6e,treatment
MT-846fa755-001b-4b26-9ea4-fec61004b106,123a1a-2a31c8-a1,treatment
MT-846fa755-001b-4b26-9ea4-fec61004b106,123a1a-2a31c8-a1,treatment
MT-846fa755-001b-4b26-9ea4-fec61004b106,123a1a-2a31c8-a1,treatment
MT-2039e013-3d01-410e-952a-00262d731e92,3d499c-542c76-3a,treatment
MT-d17caf34-dcd3-4556-863f-39b0c0f806d1,ee5226-64a607-eb,treatment
MC-be58c864-7309-4a1f-a5ea-918bcad3dcd1,cb333b-c7f581-e2,control
MC-35355992-affa-4bfb-b131-841e60804ee6,b85c07-52d94e-4c,control
MC-922d6d2f-dc78-4208-9afe-cc6a35ab37e3,cc942f-d4beac-a2,control
MC-5e1b0a09-c14a-4f1c-a51e-7634c29f82b2,142e80-600353-9e,control
MC-0622bfb0-7696-450e-a6de-3668c87ef6c2,36eec5-bdf308-79,control
MC-0622bfb0-7696-450e-a6de-3668c87ef6c2,a030d1-c9bb9f-01,control
MC-0622bfb0-7696-450e-a6de-3668c87ef6c2,d362d0-6ecbd6-35,control
MC-7114e25b-99d6-4694-8893-4f1976924c9c,bed028-cbf98e-26,control
MC-7114e25b-99d6-4694-8893-4f1976924c9c,cd596c-f36de6-97,control
MC-b791e5fc-a7b8-4f26-826c-7ac5f3bc33ad,558770-c5fd19-2e,control
MC-12ff2222-9b0a-4d5d-bae4-b555ea06dbee,c7c39d-c90fbf-be,control
MC-3d1b5cd1-197f-4fc5-a2f5-66e56ab35689,de5b85-b316ce-6b,control
MC-b39abda1-3d3c-4bac-a3d9-9dca840a786d,6a6ac9-c6294c-e1,control
MC-fbd922c0-1b07-4771-8bd7-47d9aaf94172,4a2e75-4f973e-4c,control
MC-fbd922c0-1b07-4771-8bd7-47d9aaf94172,22b1d2-b9da12-d2,control
MC-5e1b0a09-c14a-4f1c-a51e-7634c29f82b2,142e80-600353-9e,control
MC-2c761de7-07a1-4aed-850a-fc6e1e1d42ea,18a52c-75b384-f8,control
MC-2c761de7-07a1-4aed-850a-fc6e1e1d42ea,3aa523-94ac66-f1,control
MC-2c761de7-07a1-4aed-850a-fc6e1e1d42ea,a5680d-f44328-c3,control
MC-2c761de7-07a1-4aed-850a-fc6e1e1d42ea,c0ccce-d5765d-42,control
MC-2c761de7-07a1-4aed-850a-fc6e1e1d42ea,18a52c-75b384-f8,control
MC-2c761de7-07a1-4aed-850a-fc6e1e1d42ea,3aa523-94ac66-f1,control
MC-2c761de7-07a1-4aed-850a-fc6e1e1d42ea,a5680d-f44328-c3,control
MC-2c761de7-07a1-4aed-850a-fc6e1e1d42ea,c0ccce-d5765d-42,control
MC-2c761de7-07a1-4aed-850a-fc6e1e1d42ea,18a52c-75b384-f8,control
MC-2c761de7-07a1-4aed-850a-fc6e1e1d42ea,3aa523-94ac66-f1,control
MC-2c761de7-07a1-4aed-850a-fc6e1e1d42ea,a5680d-f44328-c3,control
MC-2c761de7-07a1-4aed-850a-fc6e1e1d42ea,c0ccce-d5765d-42,control
MC-2c761de7-07a1-4aed-850a-fc6e1e1d42ea,18a52c-75b384-f8,control
MC-2c761de7-07a1-4aed-850a-fc6e1e1d42ea,3aa523-94ac66-f1,control
MC-2c761de7-07a1-4aed-850a-fc6e1e1d42ea,a5680d-f44328-c3,control
MC-2c761de7-07a1-4aed-850a-fc6e1e1d42ea,c0ccce-d5765d-42,control
PT-8b34e4e1-c22d-4745-bfd5-fb1c39ad0519,158842-d0c47c-1e,treatment
PT-becb8a58-ccb2-4c74-9358-d6517b3219f2,e78c24-cbe19d-9f,treatment
PT-f8582cc2-5985-499f-ba63-f3089fb321cb,94b6c0-dfe052-ec,treatment
PT-f8582cc2-5985-499f-ba63-f3089fb321cb,32cf26-167464-a0,treatment
PT-f8582cc2-5985-499f-ba63-f3089fb321cb,3dbf03-0d5e67-55,treatment
PT-c1a1a0b5-cfd0-4578-a2c2-bbaf6a1b7fb9,2e9e13-38c7a5-46,treatment
PT-c1a1a0b5-cfd0-4578-a2c2-bbaf6a1b7fb9,1cde7d-db239d-c7,treatment
PT-74eb0871-90fd-4424-b812-7b6d77ce9ffd,e44274-d9d19c-45,treatment
PT-74eb0871-90fd-4424-b812-7b6d77ce9ffd,53df1c-c10c46-5b,treatment
PT-4e2e32c3-cf7c-42fd-9c1b-085dedaae59d,223285-14f038-2a,treatment
PT-4e2e32c3-cf7c-42fd-9c1b-085dedaae59d,3fca95-1d876b-82,treatment
PT-4e2e32c3-cf7c-42fd-9c1b-085dedaae59d,304530-00d6c1-3d,treatment
PT-4e2e32c3-cf7c-42fd-9c1b-085dedaae59d,5f725b-7078ee-cb,treatment
PT-4e2e32c3-cf7c-42fd-9c1b-085dedaae59d,4ad761-b836b4-56,treatment
PT-4e2e32c3-cf7c-42fd-9c1b-085dedaae59d,e6adfb-2fe38e-64,treatment
PT-4e2e32c3-cf7c-42fd-9c1b-085dedaae59d,503ade-f6e71c-c8,treatment
PT-3bd85d4d-a9ba-4a24-9680-d24fb7fb580b,c7da6e-67fd51-fd,treatment
PT-a88e5b7f-90ec-4246-9b04-ae576163232d,07a019-01ca44-a1,treatment
PT-a88e5b7f-90ec-4246-9b04-ae576163232d,d603cd-305eaf-69,treatment
PT-a88e5b7f-90ec-4246-9b04-ae576163232d,cb2b2d-912256-62,treatment
PT-07933e1f-3f1c-48eb-9498-5f233ad30c24,011ce3-f043e2-21,treatment
PT-1ddd9418-ffc3-409c-9f03-9833d6e9de68,e5cc32-c0cfc9-a0,treatment
PT-1ddd9418-ffc3-409c-9f03-9833d6e9de68,51348d-da8c2a-83,treatment
PT-1ddd9418-ffc3-409c-9f03-9833d6e9de68,76f343-20c96a-47,treatment
PT-313e9013-8ce0-4143-a616-bfa8369bbab4,1ba1fc-40358b-b7,treatment
PT-313e9013-8ce0-4143-a616-bfa8369bbab4,bb5a98-72a0df-52,treatment
PT-313e9013-8ce0-4143-a616-bfa8369bbab4,601eb6-cff4d3-b3,treatment
PT-4e9935a7-152a-45f8-8016-05814b288186,21b611-c02b39-a4,treatment
PT-1eb332ad-0dc6-412f-9692-47e747eccc47,e0a24e-6b3a34-3b,treatment
PT-6beff9d1-46ee-4b2e-bfc8-1c8b3322460c,825035-eb5620-f3,treatment
PT-1ddd9418-ffc3-409c-9f03-9833d6e9de68,e5cc32-c0cfc9-a0,treatment
PT-1ddd9418-ffc3-409c-9f03-9833d6e9de68,51348d-da8c2a-83,treatment
PT-1ddd9418-ffc3-409c-9f03-9833d6e9de68,76f343-20c96a-47,treatment
PT-8756d280-2bea-48cf-9da5-0e82f97d87ed,b34096-35a864-a4,treatment
PT-16f911b8-5718-4c0c-aa81-8caa01675931,79cb32-eef120-45,treatment
PT-16f911b8-5718-4c0c-aa81-8caa01675931,850036-345483-3e,treatment
PT-0a784db1-2ace-4834-8f06-7419f2ca4699,2b6f21-88b562-82,treatment
PT-68d82ece-16ef-4114-8ab3-0c42563a1af6,1364a7-bafdca-99,treatment
PT-58d529b1-02fa-40be-9f01-47d84cd5a570,28aa3d-1acaa4-b9,treatment
PT-a1532705-980f-4e1b-aa1a-ac771e5d5500,d0c5c2-365b16-8c,treatment
PT-7c76e5a2-18ca-4be2-b049-2238300fcb27,c11751-d9ebe4-94,treatment
PT-7c76e5a2-18ca-4be2-b049-2238300fcb27,01de47-a88483-6e,treatment
PT-17bf0e70-e211-4212-84a5-2194a447bd6f,6e3f25-d35359-18,treatment
PT-17bf0e70-e211-4212-84a5-2194a447bd6f,92f339-e8dfcc-61,treatment
PT-aee86583-582f-44f3-8785-fdffc81a310f,e44274-d9d19c-45,treatment
PT-ce34b322-e5d0-439a-a132-e0e3f9d02c8e,fd5b5c-f7e9b5-fd,treatment
PT-89dfc771-4dec-4825-ae5d-d50c6454ef13,dcf667-541e0b-cb,treatment
PT-fa4f4694-f6a2-4f1c-a18e-4a07599373f7,368b9b-4d1a71-f2,treatment
PT-ce34b322-e5d0-439a-a132-e0e3f9d02c8e,fd5b5c-f7e9b5-fd,treatment
PT-ce0f9d61-654e-4b4a-a1a7-75827214f85f,dec363-0aa6bf-f0,treatment
PT-ce0f9d61-654e-4b4a-a1a7-75827214f85f,2bf4a9-cf5a5d-cb,treatment
PT-ce0f9d61-654e-4b4a-a1a7-75827214f85f,40bbe4-0c2a19-65,treatment
PT-ce0f9d61-654e-4b4a-a1a7-75827214f85f,d42d3a-031390-20,treatment
PT-ce0f9d61-654e-4b4a-a1a7-75827214f85f,b15db7-7882c3-ac,treatment
PT-ce0f9d61-654e-4b4a-a1a7-75827214f85f,bb9684-9c1e3c-55,treatment
PT-ce0f9d61-654e-4b4a-a1a7-75827214f85f,ae4ec7-9ec772-a7,treatment
PT-ce0f9d61-654e-4b4a-a1a7-75827214f85f,b0ef3e-af0204-25,treatment
PT-ce0f9d61-654e-4b4a-a1a7-75827214f85f,7e166b-10cfba-b5,treatment
PT-ce0f9d61-654e-4b4a-a1a7-75827214f85f,60e0a0-92771b-cd,treatment
PT-d31e1665-c9c5-46a3-b00a-c98a5f99b043,0b50a1-c7cfd7-82,treatment
PT-d31e1665-c9c5-46a3-b00a-c98a5f99b043,cd87f8-111d69-d5,treatment
PT-d31e1665-c9c5-46a3-b00a-c98a5f99b043,d304e8-3ba4d7-c5,treatment
PT-981983be-c11c-42d6-864a-ed7f4182b595,455cae-e9c5be-62,treatment
PT-68d82ece-16ef-4114-8ab3-0c42563a1af6,1364a7-bafdca-99,treatment
PC-c2d5d673-3a6a-4924-bd43-76f3973b4598,9f0f10-9218b6-47,control
PC-0dfe137c-aa80-4839-b113-0b74b35b7f94,587ec8-bb5270-9d,control
PC-fe8e1402-cde8-4038-93e2-aa5cc7ea50e3,55ef36-756dcc-68,control
PC-fe8e1402-cde8-4038-93e2-aa5cc7ea50e3,3f5f0b-21cb22-53,control
PC-411e114d-b15a-4aec-beb3-b995f95da45c,8f6d42-5f019f-d3,control
PC-af4d13ae-7f14-480d-9372-35ab4db72cc3,d6f574-7de822-74,control
PC-20409428-dd5d-4384-88ac-0bd47ac68217,bd94dd-977d74-55,control
PC-f5bebed0-5278-4fda-98de-4dc18e3ad024,302546-b2b41e-62,control
PC-f5bebed0-5278-4fda-98de-4dc18e3ad024,53171d-397217-94,control
PC-f5bebed0-5278-4fda-98de-4dc18e3ad024,e31815-598871-99,control
PC-f5bebed0-5278-4fda-98de-4dc18e3ad024,1be8fb-b2f0d7-15,control
PC-f5bebed0-5278-4fda-98de-4dc18e3ad024,9615e8-4f1bf5-b1,control
PC-f5bebed0-5278-4fda-98de-4dc18e3ad024,0db08a-23f095-ba,control
PC-84ce5036-268f-421c-af2b-9d430eefee15,7f6971-d439b5-ce,control
PC-2fea351d-3031-4222-839a-99c66b4435c4,bc9181-8ca4bb-c5,control
PC-809a4e4b-6597-401a-ba2a-3b6c83706d5d,1c7f9e-67dd36-6e,control
PC-809a4e4b-6597-401a-ba2a-3b6c83706d5d,570429-e69e82-92,control
PC-809a4e4b-6597-401a-ba2a-3b6c83706d5d,e9c6ab-f54df3-fa,control
PC-809a4e4b-6597-401a-ba2a-3b6c83706d5d,94dccd-adb6ce-92,control
PC-809a4e4b-6597-401a-ba2a-3b6c83706d5d,f9856d-6195a4-9e,control
PC-809a4e4b-6597-401a-ba2a-3b6c83706d5d,2f6158-df5fb5-05,control
PC-809a4e4b-6597-401a-ba2a-3b6c83706d5d,011abf-b70a67-65,control
PC-809a4e4b-6597-401a-ba2a-3b6c83706d5d,f152be-7b5986-27,control
PC-809a4e4b-6597-401a-ba2a-3b6c83706d5d,53712b-6cd5bb-fc,control
PC-809a4e4b-6597-401a-ba2a-3b6c83706d5d,755de0-b9a967-a0,control
PC-809a4e4b-6597-401a-ba2a-3b6c83706d5d,3f4eff-e104a0-47,control
PC-809a4e4b-6597-401a-ba2a-3b6c83706d5d,d2c7d2-9a80c2-3c,control
PC-809a4e4b-6597-401a-ba2a-3b6c83706d5d,f52613-d884a6-ca,control
PC-809a4e4b-6597-401a-ba2a-3b6c83706d5d,884bb7-38b1f0-5b,control
PC-809a4e4b-6597-401a-ba2a-3b6c83706d5d,6c0daf-86198b-d4,control
PC-809a4e4b-6597-401a-ba2a-3b6c83706d5d,ffb31a-aefbd2-6c,control
PC-809a4e4b-6597-401a-ba2a-3b6c83706d5d,bd99ce-20f38e-bc,control
PC-809a4e4b-6597-401a-ba2a-3b6c83706d5d,f1ae63-1482df-32,control
PC-80f8f623-4396-4e79-a10e-4227f63d1dde,6facb1-748461-01,control
PC-80f8f623-4396-4e79-a10e-4227f63d1dde,0ec491-20fe6b-d0,control
PC-80f8f623-4396-4e79-a10e-4227f63d1dde,6e2d3d-f65eaa-4f,control
PC-4dcf9fc2-8888-4beb-99e5-dddfbf004684,5bafa8-29f72d-f7,control
PC-4dcf9fc2-8888-4beb-99e5-dddfbf004684,f6df41-ac2555-67,control
PC-4dcf9fc2-8888-4beb-99e5-dddfbf004684,31d1bf-c8cda1-72,control
PC-4dcf9fc2-8888-4beb-99e5-dddfbf004684,62f13b-ff2266-cd,control
PC-4dcf9fc2-8888-4beb-99e5-dddfbf004684,d12437-232532-19,control
PC-4dcf9fc2-8888-4beb-99e5-dddfbf004684,d7aa7c-4c0fb0-c6,control
PC-4dcf9fc2-8888-4beb-99e5-dddfbf004684,559178-14deed-b4,control
PC-2e46f60d-af4f-43ee-8e4c-cc1c507b5277,521df0-1fffe3-11,control
PC-aa1c812b-6d1b-4234-93e6-729740e0dce8,8a32d7-d047e6-85,control
PC-aa1c812b-6d1b-4234-93e6-729740e0dce8,372723-9be494-8a,control
PC-aa1c812b-6d1b-4234-93e6-729740e0dce8,206226-0f6984-8e,control
PC-aa1c812b-6d1b-4234-93e6-729740e0dce8,fd9fbc-8beea3-8a,control
PC-9825fb8e-d334-4888-bd8d-e425aeaeda5c,812c69-06a68d-c8,control
PC-9825fb8e-d334-4888-bd8d-e425aeaeda5c,ba9178-cc0858-e1,control
PC-d2cec6c7-9984-45d8-8e8a-493edc68dd03,2129db-85fa2d-7a,control
PC-b18d6d3a-bbe1-4c35-84a3-0e51662055e6,971367-5fd2fe-05,control
PC-eed72da7-06c7-4459-aeca-eac0afd24097,2d9288-a8a2e5-1e,control
PC-685f0332-d1ff-4665-89db-fb8a56b35cfd,6af2f8-df8567-a5,control
PC-d8ac85d5-b6c7-49ba-92bd-0e17a4f64ae8,ca62a8-d3802e-60,control
PC-3643e42c-e098-4d58-a689-a36482d91d9d,59b606-239bdc-24,control
PC-855cf159-d813-4880-9405-a1fd54afbed1,eff396-7afae4-e2,control
