University,Department,Total Faculty Count (2024-2025),"URM (Black, Latino, NativeAmerican) Faculty Count (2024-2025)",Black Faculty Count,Hispanic/Latino Faculty Count,Women Faculty Count (2024-2025)
Baylor University,Mathematics,22,0,0,0,1
Colorado School of Mines,Physics,18,0,0,0,1
University of Houston,Computer Science,28,1,0,1,1
University of Utah,Mathematics,47,1,0,1,8
Johns Hopkins University,Mechanical Engineering,28,2,2,0,7
Dartmouth College,Mathematics,26,2,1,1,7
Kent State University,Mathematics,24,1,0,1,5
Rice University,Physics,41,2,0,2,7
Columbia University,Physics,37,3,0,3,7
University of South Florida,Mechanical Engineering,23,2,0,2,3
University of Virginia,Mathematics,34,0,0,0,9
University of Colorado Boulder,Mathematics,24,2,1,1,7
University of Iowa,Computer Science,22,3,0,3,1
University of Pittsburgh,Computer Science,24,1,0,1,4
Kent State University,Physics,25,0,0,0,5
University of Washington,Physics,51,5,0,5,11
New York University,Mathematics,68,0,0,0,9
Carnegie Mellon University,Mathematics,36,2,1,1,3
University of Michigan,Physics,57,2,0,2,14
University of Louisiana at Lafayette,Mathematics,25,2,1,1,5
Texas A&M University,Mathematics,73,1,0,1,12
"University at Albany, SUNY",Mathematics,27,0,0,0,4
Auburn University,Computer Science,27,3,3,0,3
North Carolina State University,Mathematics,55,1,0,1,12
Rensselaer Polytechnic Institute,Computer Science,31,2,1,1,6
Tufts University,Mathematics,22,2,1,1,6
University of Cincinnati,Mathematics,34,1,0,1,12
Michigan State University,Computer Science,40,0,0,0,7
University of Pennsylvania,Mathematics,27,2,1,1,5
Arizona State University,Chemistry,64,2,0,2,13
Georgia Institute of Technology,Computer Science,147,6,0,2,42
"Graduate Center, CUNY",Mathematics,108,4,0,4,17
University of Missouri,Chemistry,23,0,0,0,5
Virginia Tech,Physics,43,0,0,0,7
University of Hawaii at Manoa,Physics,20,0,0,0,4
University of Michigan,Computer Science,107,6,1,1,23
University of Minnesota,Mathematics,68,0,0,0,11
Princeton University,Mathematics,12,0,0,0,2
Drexel University,Mathematics,21,0,0,0,6
"University of California, Davis",Physics,48,1,0,1,11
Stanford University,Mathematics,28,0,0,0,3
"University of California, San Diego",Mathematics,70,0,0,0,17
Wayne State University,Chemistry,24,0,0,0,7
"University of Maryland, College Park",Mechanical Engineering,45,3,2,1,6
Colorado School of Mines,Chemistry,19,0,0,0,5
"University of Maryland, College Park",Mathematics,60,3,2,1,5
New Jersey Institute of Technology,Physics,22,2,1,1,1
"Graduate Center, CUNY",Mechanical Engineering,15,0,0,0,3
"University of California, Riverside",Chemistry,46,1,1,0,9
Harvard University,Chemistry,26,0,0,0,6
University of North Carolina at Chapel Hill,Chemistry,41,1,1,0,12
University of Southern California,Physics,25,0,0,0,5
University of Connecticut,Mathematics,38,0,0,0,7
Clemson University,Chemistry,24,1,0,1,4
Case Western Reserve University,Chemistry,15,1,0,1,4
Old Dominion University,Mathematics,24,1,1,0,4
Texas Tech University,Mathematics,46,2,1,1,10
Ohio University,Chemistry,21,1,1,0,5
Massachusetts Institute of Technology,Mathematics,50,1,0,1,5
Temple University,Mathematics,20,1,0,1,4
University of Houston,Mathematics,49,0,0,0,8
Florida State University,Chemistry,33,0,0,0,6
Stony Brook University,Physics,74,7,0,7,11
University of Notre Dame,Mathematics,37,1,0,1,7
Brown University,Mathematics,20,1,0,1,4
University at Buffalo,Mathematics,29,0,0,0,6
Johns Hopkins University,Physics,46,3,1,2,9
Texas Tech University,Computer Science,20,1,1,0,4
Mississippi State University,Chemistry,18,3,1,2,4
Michigan State University,Chemistry,45,1,1,0,14
University of Texas at Austin,Physics,14,3,0,3,5
University of Chicago,Mathematics,34,3,0,3,3
Iowa State University,Chemistry,25,0,0,0,5
Kansas State University,Physics,26,0,0,0,1
Brown University,Computer Science,39,0,0,0,10
University of Tennessee,Mathematics,40,2,0,2,8
Case Western Reserve University,Computer Science,23,0,0,0,4
University of Cincinnati,Chemistry,8,0,0,0,2
Purdue University,Physics,6,1,0,1,0
Case Western Reserve University,Physics,20,0,0,0,4
University of Southern Mississippi,Mechanical Engineering,11,1,1,0,3
Oregon State University,Physics,16,0,0,0,6
University of Florida,Mathematics,19,1,0,1,3
Wayne State University,Physics,25,1,0,0,4
Colorado State University,Chemistry,31,1,0,0,12
University of Chicago,Physics,49,1,1,3,11
Cornell University,Physics,17,1,0,0,2
University of Texas at Arlington,Chemistry,22,1,1,3,6
University of Denver,Physics,7,0,0,0,2
University of Memphis,Physics,10,1,1,0,1
University of Colorado Denver,Mathematics,11,0,0,0,2
Duke University,Mathematics,35,0,0,0,7
Boston University,Mathematics,39,1,0,0,6
Baylor University,Physics,18,2,0,0,3
Texas A&M University,Mechanical Engineering,78,3,0,0,15
California Institute of Technology,Physics,49,1,1,1,7
Colorado State University,Computer Science,27,1,1,1,4
North Carolina State University,Mechanical Engineering,53,4,5,0,11
University of Texas at El Paso,Mathematics,27,5,2,11,5
Cornell University,Mathematics,44,2,0,2,7
Temple University,Physics,20,1,0,1,4
Florida State University,Computer Science,29,0,0,0,3
University of Texas at Dallas,Mechanical Engineering,40,2,1,3,9
Columbia University,Mathematics,31,0,0,0,6
California Institute of Technology,Computer Science,32,0,0,0,7
New York University,Physics,41,1,0,0,7
Cornell University,Computer Science,66,2,2,2,16
Colorado State University,Physics,22,0,0,0,5
University of Miami,Physics,18,0,0,0,2
"University of California, Riverside",Mechanical Engineering,31,0,0,0,4
University of Oregon,Computer Science,19,0,0,0,4
George Mason University,Mechanical Engineering,16,3,3,1,5
Utah State University,Physics,18,0,0,0,1
University of Texas at Arlington,Mathematics,28,2,0,1,8
"University of California, Irvine",Computer Science,54,2,1,1,10
University of Memphis,Mathematics,22,2,3,0,4
Carnegie Mellon University,Chemistry,24,2,1,2,5
University of Arizona,Physics,36,1,0,6,6
Northeastern University,Physics,55,2,0,3,11
"University of California, Santa Barbara",Mechanical Engineering,31,1,1,0,8
Auburn University,Mathematics,43,2,2,0,9
Rutgers University,New Brunswick-Physics,7,0,0,0,1
Tulane University,Mathematics,23,1,0,1,4
University of Tennessee,Computer Science,8,0,0,0,1
University at Buffalo,Mechanical Engineering,29,0,0,0,6
University of Colorado Boulder,Physics,56,2,0,0,10
Brandeis University,Computer Science,16,0,0,0,6
University of North Texas,Chemistry,18,2,0,1,4
University of Rochester,Mechanical Engineering,29,0,0,0,8
Rice University,Computer Science,30,2,0,5,5
University of Michigan,Mathematics,52,2,0,0,12
University of Denver,Mathematics,13,1,0,1,2
Wayne State University,Mechanical Engineering,13,2,2,0,1
Clemson University,Mechanical Engineering,34,2,0,0,4
Montana State University,Chemistry,17,1,0,0,6
Florida International University,Mathematics,31,3,0,1,7
Boston University,Computer Science,39,0,0,0,11
University of Texas at San Antonio,Mathematics,25,6,0,9,7
Texas A&M University,Chemistry,43,1,0,3,12
University of Arizona,Mechanical Engineering,42,1,0,1,5
"University at Albany, SUNY",Chemistry,15,0,0,0,1
Mississippi State University,Mathematics,21,0,0,0,5
University of Louisville,Mathematics,23,0,0,0,4
Iowa State University,Mathematics,28,0,0,0,3
University of South Carolina,Mathematics,31,1,0,0,5
Clemson University,Computer Science,41,3,1,2,10
Rutgers University,New Brunswick-Mechanical Engineering,36,3,0,3,3
Ohio University,Physics,25,2,0,2,6
Louisiana State University,Physics,47,2,1,5,10
University of Central Florida,Mathematics,39,0,0,0,4
University of Chicago,Computer Science,54,0,0,0,11
Stanford University,Chemistry,26,2,0,1,6
Ohio State University,Mathematics,80,5,0,1,10
Cornell University,Chemistry,31,1,0,1,6
University of Massachusetts Amherst,Mathematics,45,2,0,1,12
"University of Nevada, Las Vegas",Physics,20,0,0,0,2
West Virginia University,Mechanical Engineering,30,3,0,10,1
University of Florida,Physics,45,1,1,3,6
George Mason University,Mathematics,31,1,1,1,7
Carnegie Mellon University,Computer Science,36,2,2,0,11
Ohio State University,Chemistry,52,4,0,0,13
Boston University,Physics,37,1,0,0,5
"University of California, Irvine",Mechanical Engineering,39,0,0,0,11
Stony Brook University,Chemistry,35,2,0,0,8
Emory University,Chemistry,27,2,3,2,7
Georgia Institute of Technology,Mechanical Engineering,110,5,0,0,20
New Jersey Institute of Technology,Mathematics,45,1,0,1,9
University of Louisville,Computer Science,18,0,0,0,2
California Institute of Technology,Mathematics,20,0,0,0,3
Mississippi State University,Physics,19,0,0,0,3
"University of California, Los Angeles",Physics,58,1,0,1,9
University of Oklahoma,Mathematics,35,2,0,2,6
University of Wisconsin-Madison,Mathematics,58,4,0,4,11
University of Texas at Dallas,Mathematics,31,1,0,1,3
Columbia University,Mechanical Engineering,17,2,2,0,4
Harvard University,Mechanical Engineering,15,0,0,0,3
"University of California, Davis",Mathematics,51,3,0,1,11
University of Wisconsin-Madis,Chemistry,39,0,0,0,10
Princeton University,Mechanical Engineering,30,2,2,0,9
Brown University,Physics,28,1,0,1,4
University of Virginia,Physics,33,2,0,2,5
Rensselaer Polytechnic Institute,Chemistry,11,0,0,0,2
"University of California, Santa Barbara",Chemistry,43,4,1,3,11
University of Cincinnati,Mechanical Engineering,26,0,0,0,4
University of Washington,Computer Science,80,1,0,1,18
Pennsylvania State University,Physics,55,2,0,2,12
Florida State University,Physics,52,4,3,0,8
University of South Florida,Computer Science,36,4,4,0,7
Rice University,Chemistry,28,2,0,2,5
Pennsylvania State University,Chemistry,59,4,2,0,14
University of New Hampshire,Physics,23,2,0,2,7
"University of California, Berkeley",Chemistry,52,3,1,2,14
Duke University,Computer Science,31,0,0,0,8
Cornell University,Mechanical Engineering,41,1,0,1,16
Johns Hopkins University,Mathematics,30,1,0,1,5
Wayne State University,Computer Science,24,0,0,0,2
"University of California, Berkeley",Computer Science,87,3,2,0,25
University of Nebraska Lincoln,Physics,25,1,1,0,3
Northeastern University,Mathematics,38,4,2,2,7
Vanderbilt University,Mechanical Engineering,16,3,1,0,1
West Virginia University,Physics,24,2,0,2,7
University of Alabama,Mechanical Engineering,36,0,0,0,6
University of Alabama,Physics,31,1,0,1,5
Binghamton University,Mechanical Engineering,25,0,0,0,2
University of Illinois Chicago,Physics,25,2,0,2,5
Arizona State University,Physics,53,5,1,4,10
Washington State University,Mathematics,30,1,1,0,7
Emory University,Mathematics,23,1,1,0,8
Baylor University,Chemistry,27,2,1,1,6
University of Memphis,Chemistry,17,3,0,3,5
University of Chicago,Chemistry,38,0,0,0,8
George Mason University,Computer Science,73,3,3,0,18
University of Pennsylvania,Computer Science,89,3,2,0,14
Florida International University,Physics,26,1,0,1,5
Georgia State University,Physics,23,0,0,0,3
North Dakota State University,Computer Science,13,0,0,0,3
North Dakota State University,Physics,9,0,0,0,1
North Carolina State University,Computer Science,62,2,1,1,15
Kansas State University,Mathematics,35,2,0,2,9
University of Rochester,Physics,52,0,0,0,4
University of Wisconsin Madi,Physics,54,0,0,0,8
University of Texas at San Antonio,Chemistry,18,2,1,1,3
University of Wisconsin Milwaukee,Computer Science,17,0,0,0,5
"University of California, Irvine",Mathematics,43,3,0,3,4
Harvard University,Physics,54,2,1,1,9
Michigan State University,Physics,76,2,0,1,16
University of New Mexico,Mathematics,27,2,0,2,8
"University of California, Berkeley",Physics,68,3,0,3,13
University of Minnesota,Physics,60,1,1,0,9
Emory University,Physics,22,1,0,1,4
Massachusetts Institute of Technology,Chemistry,41,3,2,1,14
Utah State University,Mechanical Engineering,18,0,0,0,2
Indiana University Bloomington,Mathematics,36,0,0,0,4
University of Alabama,Chemistry,26,1,1,0,7
Rutgers University,New Brunswick-Mathematics,59,1,0,1,6
Binghamton University,Mathematics,28,1,0,1,4
"University of California, Santa Barbara",Physics,60,1,1,0,9
University of Denver,Chemistry,13,0,0,0,3
University of Houston,Chemistry,32,1,0,1,6
University of Tennessee,Chemistry,26,1,0,1,5
"University of California, San Diego",Mechanical Engineering,61,5,3,2,14
Kansas State University,Chemistry,13,2,1,1,3
University of Illinois Urbana,Champaign-Chemistry,41,2,1,1,15
University of Southern California,Mathematics,37,1,1,0,5
University of Delaware,Computer Science,37,0,0,0,8
University of South Carolina,Chemistry,34,0,0,0,8
Rutgers University,New Brunswick-Chemistry,37,3,2,1,10
Virginia Commonwealth University,Physics,18,1,1,0,4
University of Delaware,Physics,41,3,1,2,7
George Washington University,Chemistry,14,2,2,0,4
University of Texas at San Antonio,Physics,23,8,2,6,7
University of Virginia,Chemistry,33,1,0,1,11
Purdue University,Computer Science,78,1,0,1,13
Brown University,Chemistry,18,1,0,1,5
Boston College,Mathematics,25,0,0,0,3
New York University,Computer Science,53,1,1,0,6
University of Central Florida,Physics,48,2,0,2,8
Columbia University,Computer Science,56,2,1,1,12
"University of Maryland, College Park",Computer Science,66,1,0,1,11
University of Colorado Boulder,Mechanical Engineering,44,1,0,1,15
Ohio State University,Physics,56,1,1,0,9
Massachusetts Institute of Technology,Physics,81,0,0,0,14
Virginia Commonwealth University,Mathematics,26,3,3,0,8
University of Kentucky,Physics,33,0,0,0,3
University of Arkansas,Chemistry,22,1,1,0,5
Florida State University,Mathematics,41,0,0,0,5
Syracuse University,Chemistry,19,1,1,0,2
University of Alabama,Mathematics,29,4,4,0,5
University at Buffalo,Physics,29,1,1,0,5
Georgia State University,Chemistry,26,3,2,1,8
Texas A&M University,Computer Science,55,2,2,0,8
"University of California, San Diego",Physics,57,2,1,1,9
University of Oregon,Mathematics,31,0,0,0,3
North Carolina State University,Physics,43,0,0,0,10
University of Kansas,Chemistry,24,0,0,0,8
Massachusetts Institute of Technology,Mechanical Engineering,87,5,4,1,18
Colorado School of Mines,Mathematics,15,0,0,0,5
Rice University,Mathematics,16,1,1,0,3
Virginia Tech,Computer Science,68,2,1,1,11
"University of California, Santa Cruz",Physics,23,2,0,2,5
California Institute of Technology,Chemistry,44,2,2,0,9
University of Minnesota,Chemistry,41,2,0,2,18
"University of California, Berkeley",Mathematics,55,1,1,0,12
Tufts University,Mechanical Engineering,15,1,1,0,3
"University of California, San Diego",Chemistry,73,3,2,1,18
"University of California, Santa Cruz",Mathematics,20,2,0,2,3
University of Nebraska,Lincoln-Mathematics,29,2,0,2,12
University of Arizona,Computer Science,19,0,0,0,1
Arizona State University,Mathematics,58,3,0,3,16
Massachusetts Institute of Technology,Computer Science,63,2,1,1,13
Vanderbilt University,Mathematics,23,0,0,0,3
University of North Carolina at Chapel Hill,Physics,33,4,1,3,7
University of Rochester,Chemistry,20,1,0,1,8
Colorado State University,Mathematics,40,0,0,0,13
"University of Nevada, Reno",Mathematics,22,1,0,1,4
Tufts University,Physics,16,0,0,0,2
"University of Maryland, Baltimore County",Physics,21,3,1,2,4
Northwestern University,Mathematics,27,0,0,0,3
Louisiana State University,Chemistry,30,6,2,4,8
University of Georgia,Mathematics,33,1,1,0,7
Boston University,Chemistry,30,2,1,1,11
Montana State University,Physics,20,0,0,0,5
Virginia Commonwealth University,Mechanical Engineering,26,3,0,3,5
University of Houston,Physics,35,3,1,2,5
"University of California, Los Angeles",Mechanical Engineering,35,1,0,1,6
University of Texas at Arlington,Physics,29,2,1,1,4
Dartmouth College,Chemistry,15,0,0,0,5
Purdue University,Chemistry,48,0,0,0,13
Columbia University,Chemistry,25,2,1,1,4
University of South Florida,Chemistry,24,1,1,0,2
Mississippi State University,Computer Science,16,0,0,0,4
Brown University,Mechanical Engineering,22,4,1,3,4
University of Texas at Austin,Mathematics,53,3,1,2,12
Georgia Institute of Technology,Physics,46,2,0,2,10
Boston College,Physics,17,0,0,0,3
Auburn University,Chemistry,19,0,0,0,2
"University of California, Riverside",Computer Science,43,0,0,0,6
Washington University in St. Louis,Physics,31,0,0,0,4
"University of California, Irvine",Physics,32,1,1,0,4
Case Western Reserve University,Mathematics,21,1,1,0,8
University of Kansas,Physics,29,1,1,0,5
Iowa State University,Computer Science,32,0,0,0,9
University of Hawaii at Manoa,Chemistry,14,0,0,0,4
Wayne State University,Mathematics,25,0,0,0,3
University of Wisconsin,Milwaukee-Physics,18,1,0,1,4
University of North Carolina at Chapel Hill,Mathematics,34,3,2,1,7
Washington University in St. Louis,Mechanical Engineering,21,1,0,1,4
University of South Carolina,Physics,26,0,0,0,4
University of Montana,Chemistry,13,0,0,0,2
Washington State University,Mechanical Engineering,31,0,0,0,4
"University of California, Irvine",Chemistry,47,1,1,0,15
University of Connecticut,Mechanical Engineering,30,1,0,1,5
Georgetown University,Physics,13,1,1,0,4
Virginia Tech,Mathematics,52,3,0,3,14
University of Southern Mississippi,Chemistry,11,0,0,0,2
Michigan State University,Mathematics,56,0,0,0,12
University of Pittsburgh,Chemistry,40,0,0,0,10
University of Mississippi,Chemistry,19,2,1,1,5
Duke University,Chemistry,22,1,0,1,3
Georgetown University,Chemistry,17,0,0,0,6
University of Delaware,Mechanical Engineering,34,1,1,0,8
Indiana University Bloomington,Physics,34,2,2,0,6
University of Colorado Boulder,Chemistry,24,2,0,2,6
University of Missouri,Mathematics,28,0,0,0,3
University of Louisville,Mechanical Engineering,19,1,2,0,2
University of Wisconsin,Milwaukee-Mathematics,19,0,0,0,5
Tufts University,Computer Science,25,0,0,0,8
"University of California, Santa Barbara",Mathematics,35,3,1,2,6
University of Arizona,Chemistry,34,0,0,0,7
George Mason University,Chemistry,20,3,3,0,6
Kent State University,Chemistry,23,1,0,1,6
Texas A&M University,Physics,64,1,0,1,7
University of Hawaii at Manoa,Mechanical Engineering,21,1,1,0,2
Purdue University,Mathematics,67,5,2,3,12
University of Miami,Computer Science,15,0,0,0,3
Harvard University,Computer Science,40,4,2,2,11
University of Washington,Chemistry,40,2,1,1,9
North Carolina State University,Chemistry,34,1,1,0,8
"University of California, Davis",Chemistry,41,1,0,1,14
Stony Brook University,Computer Science,45,0,0,0,5
Montana State University,Computer Science,12,1,0,1,4
University of Washington,Mathematics,40,2,2,0,7
University of Kentucky,Mathematics,29,0,0,0,6
University of Florida,Chemistry,45,1,0,1,7
Pennsylvania State University,Mechanical Engineering,53,5,0,2,15
Texas Tech University,Mechanical Engineering,30,2,1,0,4
University of Utah,Physics,36,1,0,3,4
"University of California, Santa Cruz",Chemistry,24,0,0,0,5
University of Texas at Arlington,Mechanical Engineering,38,3,2,1,6
University of North Texas,Computer Science,24,0,0,0,8
University at Buffalo,Computer Science,42,1,1,0,6
University of Wisconsin,Madison-Mechanical Engineering,54,2,0,0,8
University of Hawaii at Manoa,Mathematics,21,0,0,0,5
University of Houston,Mechanical Engineering,28,0,0,0,5
Yale University,Physics,37,3,0,1,8
University of Maine,Mechanical Engineering,17,0,0,0,2
University of New Mexico,Physics,24,2,0,2,6
Utah State University,Mathematics,29,1,0,1,7
University of Oklahoma,Physics,30,2,0,2,6
Northeastern University,Chemistry,33,3,3,0,8
University of Connecticut,Chemistry,28,2,0,1,4
Princeton University,Computer Science,57,3,1,2,15
George Washington University,Mathematics,15,0,0,0,1
University of Illinois Chicago,Chemistry,31,1,0,0,7
Georgetown University,Mathematics,13,1,0,1,4
"University of California, Berkeley",Mechanical Engineering,40,1,1,0,9
University of Florida,Mechanical Engineering,46,2,2,0,10
Florida International University,Chemistry,32,2,0,1,7
Florida State University,Mechanical Engineering,26,4,3,0,3
Carnegie Mellon University,Mechanical Engineering,36,3,1,0,10
University of Minnesota,Mechanical Engineering,41,2,2,0,8
University of Maine,Mathematics,13,0,0,0,3
University of Colorado Denver,Chemistry,13,1,0,1,3
University of Louisiana at Lafayette,Physics,7,0,0,0,2
University of Southern California,Chemistry,31,0,0,0,5
University of Arkansas,Mathematics,27,1,0,0,3
University of Louisville,Chemistry,23,1,0,0,8
University of North Texas,Mechanical Engineering,22,0,0,0,1
Drexel University,Mechanical Engineering,26,0,0,0,4
Johns Hopkins University,Chemistry,20,1,0,1,3
Washington University in St. Louis,Chemistry,29,0,0,0,6
University of South Florida,Mathematics,35,0,0,0,5
Texas Tech University,Chemistry,30,2,0,2,5
North Dakota State University,Mathematics,14,0,0,0,3
"University of California, Los Angeles",Chemistry,58,5,0,3,23
University of Notre Dame,Physics,48,0,0,0,8
Tulane University,Physics,17,0,0,0,3
Clemson University,Mathematics,54,2,2,1,13
Washington University in St. Louis,Computer Science,34,1,0,0,6
Binghamton University,Computer Science,39,1,1,0,5
Tulane University,Chemistry,15,0,0,0,2
Yale University,Chemistry,29,0,0,0,7
University of Delaware,Mathematics,40,1,0,1,13
University of Kansas,Mathematics,31,1,0,1,7
Vanderbilt University,Physics,24,1,0,0,7
"University of California, Riverside",Physics,40,1,0,1,5
University of Notre Dame,Chemistry,41,1,1,1,10
Duke University,Mechanical Engineering,37,1,0,2,9
University of Utah,Chemistry,35,2,1,1,13
University at Buffalo,Chemistry,29,2,0,4,7
University of Michigan,Mechanical Engineering,67,7,5,2,16
Virginia Tech,Mechanical Engineering,56,2,2,1,7
University of Wisconsin,Milwaukee-Mechanical Engineering,16,0,0,0,1
University of Alabama,Computer Science,19,2,2,0,4
Texas Tech University,Physics,19,0,0,0,2
"University of California, Los Angeles",Mathematics,51,2,1,0,6
Louisiana State University,Mathematics,52,2,1,0,10
University of Rochester,Computer Science,36,1,0,1,4
University of Pittsburgh,Physics,37,0,0,0,4
University of Southern Mississippi,Physics,6,0,0,0,1
George Washington University,Physics,21,0,0,0,4
University of Illinois Urbana-Champaign,Physics,64,6,2,3,16
University of Miami,Chemistry,17,3,0,2,1
West Virginia University,Mathematics,24,1,0,1,7
University of Georgia,Chemistry,39,3,2,0,6
University of Mississippi,Mathematics,19,2,1,0,5
Washington State University,Computer Science,32,1,1,2,5
University of Oklahoma,Chemistry,28,2,2,0,9
Oregon State University,Chemistry,20,0,0,0,6
Clemson University,Physics,25,1,0,3,5
University of New Mexico,Computer Science,16,2,0,1,6
Utah State University,Chemistry,19,0,0,0,3
Dartmouth College,Physics,24,2,2,0,7
University of Pennsylvania,Mechanical Engineering,26,6,1,2,6
University of Missouri,Physics,24,0,0,0,3
University of Kentucky,Chemistry,27,4,3,1,3
University of Texas at Dallas,Physics,29,2,0,1,3
Rice University,Mechanical Engineering,18,3,1,2,5
Yale University,Mathematics,21,1,0,0,2
Washington University in St. Louis,Mathematics,21,1,0,0,4
University of Kentucky,Computer Science,25,0,0,0,3
University of Texas at El Paso,Computer Science,22,2,0,2,7
Syracuse University,Physics,31,1,0,1,8
Purdue University,Mechanical Engineering,92,5,2,6,15
University of Illinois Urbana-Champaign,Mathematics,68,1,1,1,13
"University at Albany, SUNY",Physics,14,0,0,0,2
University of Alabama at Birmingham,Chemistry,14,1,0,0,5
Tufts University,Chemistry,16,0,0,0,4
University of Washington,Mechanical Engineering,39,4,3,2,9
Brandeis University,Physics,14,0,0,0,4
University of Illinois Chicago,Mathematics,48,5,3,0,11
Brandeis University,Mathematics,14,0,0,0,3
Boston University,Mechanical Engineering,47,0,0,0,12
New Jersey Institute of Technology,Computer Science,31,1,1,0,5
Oklahoma State University,Physics,19,2,0,1,4
Tulane University,Computer Science,13,0,0,0,2
University of North Carolina at Chapel Hill,Computer Science,38,0,0,0,7
Northwestern University,Computer Science,45,2,2,1,11
University of Nebraska,Lincoln-Computer Science,32,0,0,0,6
Iowa State University,Mechanical Engineering,39,3,0,0,8
Oregon State University,Computer Science,69,1,1,0,16
West Virginia University,Chemistry,12,1,1,0,4
University of Illinois Chicago,Mechanical Engineering,29,1,1,1,7
Rensselaer Polytechnic Institute,Mechanical Engineering,37,2,1,0,4
Johns Hopkins University,Computer Science,38,0,0,0,5
Northeastern University,Computer Science,109,3,1,2,29
University of Louisville,Physics,15,1,1,0,3
"University of Nevada, Reno",Computer Science,18,0,0,0,5
Ohio University,Mathematics,30,1,0,1,4
University of Texas at Dallas,Chemistry,27,0,0,0,5
California Institute of Technology,Mechanical Engineering,22,1,3,2,7
New York University,Chemistry,29,1,0,1,7
Virginia Commonwealth University,Chemistry,19,2,0,2,4
Colorado School of Mines,Mechanical Engineering,31,1,0,1,9
University of Pennsylvania,Chemistry,33,3,1,1,9
"University of California, Los Angeles",Computer Science,44,3,1,0,10
University of Illinois Urbana,Champaign-Computer Science,99,0,0,0,25
University of Arizona,Mathematics,56,2,0,1,12
Montana State University,Mathematics,25,1,0,1,11
University of Alabama in Huntsville,Physics,11,0,0,0,1
University of Mississippi,Physics,14,1,1,0,2
University of North Texas,Mathematics,25,0,0,0,5
Arizona State University,Computer Science,62,1,1,0,10
University of Iowa,Mathematics,26,1,0,1,8
Arizona State University,Mechanical Engineering,42,1,1,0,8
University of Illinois Chicago,Computer Science,57,1,0,1,12
Iowa State University,Physics,28,1,0,1,5
Temple University,Chemistry,23,0,0,0,7
University of Utah,Computer Science,71,1,0,1,12
University of New Hampshire,Mathematics,19,1,1,0,7
University of Texas at Arlington,Computer Science,49,4,2,2,10
University of Minnesota,Computer Science,53,0,0,0,8
Louisiana State University,Computer Science,26,0,0,0,4
Georgia Institute of Technology,Chemistry,40,4,2,2,11
University of Alabama at Birmingham,Mathematics,23,1,1,0,7
Yale University,Computer Science,37,1,0,1,9
Stanford University,Physics,41,1,0,1,8
University of Connecticut,Physics,34,1,0,1,7
George Mason University,Physics,35,0,0,0,9
Pennsylvania State University,Mathematics,10,0,0,0,1
University of Florida,Computer Science,42,3,1,2,15
University of Massachusetts Amherst,Chemistry,22,0,0,0,7
University of Kentucky,Mechanical Engineering,40,3,2,1,7
University of Georgia,Computer Science,29,0,0,0,4
Auburn University,Mechanical Engineering,24,0,0,0,0
Stony Brook University,Mathematics,36,0,0,0,5
University of Iowa,Chemistry,28,2,0,2,7
University of Maine,Physics,10,0,0,0,0
University of Louisiana at Lafayette,Computer Science,21,0,0,0,5
Princeton University,Chemistry,33,1,0,1,9
Princeton University,Physics,38,0,0,0,5
University of Massachusetts Amherst,Computer Science,65,2,0,2,15
University of Oregon,Physics,26,1,0,1,5
"University of Maryland, College Park",Physics,63,1,0,1,9
Old Dominion University,Computer Science,22,0,0,0,3
Rutgers University,New Brunswick-Computer Science,45,0,0,0,9
University of Georgia,Physics,17,1,1,0,3
University of Utah,Mechanical Engineering,43,0,0,0,9
Oregon State University,Mechanical Engineering,47,2,0,2,12
Colorado School of Mines,Computer Science,16,1,0,1,4
Old Dominion University,Physics,22,0,0,0,2
Virginia Tech,Chemistry,30,0,0,0,6
West Virginia University,Computer Science,24,2,1,1,5
University of Nebraska,Lincoln-Chemistry,20,0,0,0,2
Old Dominion University,Chemistry,17,1,1,0,5
University of Texas at Austin,Computer Science,57,0,0,0,9
Vanderbilt University,Chemistry,27,4,3,1,7
University of Memphis,Computer Science,19,0,0,0,2
University of Louisiana at Lafayette,Chemistry,11,0,0,0,3
University of Texas at El Paso,Chemistry,25,5,0,5,5
University of Tennessee,Physics,40,1,0,1,10
Virginia Commonwealth University,Computer Science,22,1,1,0,3
University of Tennessee,Mechanical Engineering,48,0,0,0,6
University of Miami,Mathematics,29,3,1,3,1
University of Arkansas,Physics,27,1,0,1,7
Washington State University,Physics,19,0,0,0,2
Indiana University Bloomington,Chemistry,39,1,1,0,6
University of Montana,Mathematics,15,0,0,0,4
"University of Maryland, Baltimore County",Mathematics,27,1,1,0,6
Rensselaer Polytechnic Institute,Physics,18,3,1,2,3
University of Central Florida,Chemistry,34,3,1,2,11
University of Alabama in Huntsville,Mathematics,10,1,1,0,1
University of North Texas,Physics,22,2,0,2,2
University of Louisiana at Lafayette,Mechanical Engineering,14,0,0,0,1
University of Iowa,Physics,26,1,0,1,4
University of Southern California,Mechanical Engineering,27,0,0,0,3
Oklahoma State University,Chemistry,18,1,0,1,5
University of New Mexico,Chemistry,21,1,1,0,6
Rensselaer Polytechnic Institute,Mathematics,15,0,0,0,2
University of Missouri,Mechanical Engineering,23,0,0,0,2
University of Southern California,Computer Science,51,0,0,0,10
Oklahoma State University,Stillwater-Mathematics,34,0,0,0,7
"University of California, Santa Barbara",Computer Science,43,0,0,0,10
University of New Hampshire,Chemistry,18,0,0,0,5
University of Illinois Urbana-Champaign,Mechanical Engineering,53,3,0,3,15
University of Michigan,Chemistry,44,3,1,2,14
Washington State University,Chemistry,17,0,0,0,3
Oregon State University,Mathematics,24,1,0,1,9
